evolution_method,mutation,crossover,batch_type,batch_offset_type,sub_gen_type,magic,magic_normalized,qsar,qsar_normalized,gass,gass_normalized,mnist,mnist_normalized
JDE,rand/1,bin,low,high,high,0.712566,0.7813814,0.745,0.72375,0.7746668000000001,0.5808888000000001,0.71414,0.69708
JDE,rand/1,interm,low,high,high,0.7178292,0.781513,0.73125,0.72125,0.8557778,0.7132222,0.8616,0.8789399999999999
JDE,curr_p_best,bin,low,high,high,0.7147368000000001,0.7837498,0.7425,0.74625,0.921889,0.7397776,0.84726,0.85324
JDE,curr_p_best,interm,low,high,high,0.7178288,0.7813816,0.7525,0.72875,0.9224444,0.7452224000000001,0.8567600000000001,0.82676
JDE,degl,bin,low,high,high,0.7182894000000001,0.7824344,0.75125,0.74875,0.8608889999999999,0.7548888000000001,0.77156,0.76536
JDE,degl,interm,low,high,high,0.71875,0.7818418,0.73125,0.7725,0.852778,0.7413335999999999,0.7139,0.7494
JADE,rand/1,bin,low,high,high,0.7137502,0.7818421999999999,0.69125,0.715,0.7775554,0.5574446,0.45064,0.48638
JADE,rand/1,interm,low,high,high,0.719934,0.780921,0.7425,0.74875,0.8151111999999999,0.6663334,0.8699600000000001,0.87374
JADE,curr_p_best,bin,low,high,high,0.7192764,0.7834208,0.74875,0.7525,0.942889,0.768,0.79156,0.7743399999999999
JADE,curr_p_best,interm,low,high,high,0.7170396,0.7773026,0.7675,0.78625,0.9373334,0.779778,0.8402200000000001,0.83024
JADE,degl,bin,low,high,high,0.7159211999999999,0.7780262,0.69125,0.73,0.8897778000000001,0.7435556,0.6354,0.77662
JADE,degl,interm,low,high,high,0.7011185999999999,0.7434868,0.73125,0.7075,0.8023332,0.4376666,0.39866,0.44082
SHADE,rand/1,bin,low,high,high,0.7153288000000001,0.7836185999999999,0.705,0.6525,0.8092224,0.5902222,0.45046,0.46588
SHADE,rand/1,interm,low,high,high,0.7198026,0.7830262,0.745,0.75375,0.8151111999999999,0.6688888000000001,0.86544,0.8688799999999999
SHADE,curr_p_best,bin,low,high,high,0.7130918,0.783421,0.73625,0.72125,0.9344446,0.7434444,0.7892600000000001,0.7622800000000001
SHADE,curr_p_best,interm,low,high,high,0.7188156,0.7816448,0.7575,0.78375,0.9352222,0.7844444,0.83596,0.82868
SHADE,degl,bin,low,high,high,0.7223026,0.7801971999999999,0.74125,0.78,0.9212224,0.7618888,0.63484,0.75694
SHADE,degl,interm,low,high,high,0.7144736,0.748421,0.73875,0.7075,0.7416668000000001,0.3896668,0.3888,0.38844
L-SHADE,rand/1,bin,low,high,high,0.716842,0.7826314,0.7225,0.72375,0.7923334,0.5710000000000001,0.6944,0.74022
L-SHADE,rand/1,interm,low,high,high,0.718158,0.7838816,0.76375,0.73125,0.8367776,0.6707778,0.8457399999999999,0.85608
L-SHADE,curr_p_best,bin,low,high,high,0.7182894000000001,0.781908,0.7325,0.73375,0.933111,0.7443331999999999,0.72958,0.7308600000000001
L-SHADE,curr_p_best,interm,low,high,high,0.7208551999999999,0.7808554,0.7475,0.785,0.931111,0.7723334,0.8081,0.81186
L-SHADE,degl,bin,low,high,high,0.7158554,0.775,0.7425,0.77375,0.9321112,0.7566668000000001,0.62958,0.74446
L-SHADE,degl,interm,low,high,high,0.7131578000000001,0.7584211999999999,0.75125,0.72875,0.7674444,0.4267776,0.4114600000000001,0.37284
JDE,rand/1,bin,low,high,mid,0.7169736,0.7817108,0.74125,0.735,0.7797776,0.5577776,0.66976,0.70394
JDE,rand/1,interm,low,high,mid,0.7213816,0.7842104,0.7325,0.73125,0.8087778,0.7245558000000001,0.8647600000000001,0.8871600000000001
JDE,curr_p_best,bin,low,high,mid,0.7182236,0.7836184,0.73,0.75375,0.8783334,0.7365556,0.8473200000000001,0.8837799999999999
JDE,curr_p_best,interm,low,high,mid,0.7180264000000001,0.7836185999999999,0.78,0.75625,0.930222,0.7362221999999999,0.87646,0.8655799999999999
JDE,degl,bin,low,high,mid,0.7184212,0.784145,0.7525,0.73375,0.9184446,0.7773336,0.81008,0.80642
JDE,degl,interm,low,high,mid,0.7186844,0.7807234000000001,0.7275,0.74125,0.8728888000000001,0.7514444,0.7720600000000001,0.78058
JADE,rand/1,bin,low,high,mid,0.7133552,0.7828946,0.72625,0.685,0.8035554,0.585,0.43872,0.46774
JADE,rand/1,interm,low,high,mid,0.718421,0.7821712,0.7475,0.73875,0.7743334,0.6656666,0.8772399999999999,0.87726
JADE,curr_p_best,bin,low,high,mid,0.7123028,0.780592,0.73375,0.74375,0.9084444,0.7350002,0.8296,0.81386
JADE,curr_p_best,interm,low,high,mid,0.721908,0.7819738,0.76125,0.73375,0.933778,0.769,0.8556,0.8453799999999999
JADE,degl,bin,low,high,mid,0.7133552,0.7796708000000001,0.77625,0.75375,0.8960002,0.8061111999999999,0.71396,0.78376
JADE,degl,interm,low,high,mid,0.7123026,0.7605261999999999,0.7475,0.67625,0.738,0.419111,0.4259600000000001,0.44562
SHADE,rand/1,bin,low,high,mid,0.7217104,0.7835528,0.71,0.7025,0.7858885999999999,0.5877776,0.4230600000000001,0.7709
SHADE,rand/1,interm,low,high,mid,0.722237,0.780855,0.76375,0.7325,0.7743334,0.6716666,0.87546,0.8777200000000001
SHADE,curr_p_best,bin,low,high,mid,0.7138156,0.783487,0.71,0.72125,0.946,0.7453331999999999,0.8209,0.7975800000000001
SHADE,curr_p_best,interm,low,high,mid,0.7211841999999999,0.7819078,0.745,0.7775,0.9400002,0.7856668000000001,0.8520200000000001,0.8403799999999999
SHADE,degl,bin,low,high,mid,0.7244079999999999,0.7817104,0.74125,0.7425,0.9318888,0.7938888000000001,0.69316,0.77804
SHADE,degl,interm,low,high,mid,0.7104606,0.7582238,0.75125,0.67125,0.7592224,0.4427778,0.40178,0.4147
L-SHADE,rand/1,bin,low,high,mid,0.7125001999999999,0.7825,0.73125,0.725,0.802,0.5911112,0.62658,0.75592
L-SHADE,rand/1,interm,low,high,mid,0.7183554,0.7866446,0.7625,0.74,0.7885554,0.6774444000000001,0.8588600000000001,0.86436
L-SHADE,curr_p_best,bin,low,high,mid,0.7163158000000001,0.784013,0.75625,0.71625,0.9345556,0.7381112,0.78042,0.77752
L-SHADE,curr_p_best,interm,low,high,mid,0.7200658000000001,0.7841448000000001,0.755,0.77875,0.9362222,0.765778,0.8321,0.8185399999999999
L-SHADE,degl,bin,low,high,mid,0.715329,0.7816446,0.745,0.76,0.9306666,0.7494446,0.65698,0.7518
L-SHADE,degl,interm,low,high,mid,0.7124998,0.757171,0.76,0.69125,0.7275556,0.4216664000000001,0.43328,0.39034
JDE,rand/1,bin,low,high,low,0.7130264000000001,0.7833551999999999,0.71,0.71125,0.7435554,0.5697778,0.64382,0.69712
JDE,rand/1,interm,low,high,low,0.720395,0.7842762,0.74,0.74625,0.7728888,0.7204444000000001,0.8821200000000001,0.8968200000000001
JDE,curr_p_best,bin,low,high,low,0.7154606,0.7844736,0.715,0.71625,0.8485556000000001,0.7287778,0.85582,0.8928200000000001
JDE,curr_p_best,interm,low,high,low,0.7193421999999999,0.7836181999999999,0.76375,0.735,0.9052222,0.7424446,0.8651,0.8897
JDE,degl,bin,low,high,low,0.7180264000000001,0.7824344,0.76125,0.73375,0.9317778,0.7801111999999999,0.82376,0.84054
JDE,degl,interm,low,high,low,0.7211181999999999,0.78375,0.73375,0.73375,0.8872222,0.7226666,0.7859999999999999,0.8215
JADE,rand/1,bin,low,high,low,0.7158551999999999,0.7839476,0.705,0.69375,0.8064446,0.5664446,0.40812,0.4548
JADE,rand/1,interm,low,high,low,0.7207238,0.7835525999999999,0.7425,0.75,0.7611108,0.6595554,0.87698,0.88244
JADE,curr_p_best,bin,low,high,low,0.716184,0.7840132,0.75625,0.73875,0.928889,0.736889,0.85144,0.84416
JADE,curr_p_best,interm,low,high,low,0.72125,0.7859868,0.7525,0.75125,0.9075554,0.743222,0.86254,0.8599600000000001
JADE,degl,bin,low,high,low,0.7329604000000001,0.7823026,0.78,0.755,0.9384444,0.8152222,0.74864,0.79924
JADE,degl,interm,low,high,low,0.715592,0.7621711999999999,0.79125,0.715,0.7282224,0.4176666,0.4673600000000001,0.43668
SHADE,rand/1,bin,low,high,low,0.713026,0.7852631999999999,0.71875,0.69375,0.7725556,0.5497778,0.4444,0.77408
SHADE,rand/1,interm,low,high,low,0.7194734,0.7820394,0.76875,0.7525,0.770333,0.6563334,0.87776,0.88256
SHADE,curr_p_best,bin,low,high,low,0.7176975999999999,0.7860526,0.75,0.72,0.9244442,0.7311112,0.85046,0.83188
SHADE,curr_p_best,interm,low,high,low,0.7215132,0.78375,0.7575,0.75125,0.9372224,0.7706666,0.86418,0.8589600000000001
SHADE,degl,bin,low,high,low,0.7193421999999999,0.7813814,0.75125,0.77375,0.9471112,0.8049998,0.7608600000000001,0.7879
SHADE,degl,interm,low,high,low,0.7113816,0.7673686,0.77375,0.71625,0.7585556,0.4610002,0.4302,0.4356
L-SHADE,rand/1,bin,low,high,low,0.7203946,0.7846711999999999,0.71625,0.7125,0.7666668000000001,0.5813334,0.5555399999999999,0.7716
L-SHADE,rand/1,interm,low,high,low,0.7208551999999999,0.7867764,0.7375,0.73875,0.7668888,0.6672222,0.86266,0.87574
L-SHADE,curr_p_best,bin,low,high,low,0.7188158,0.7838158000000001,0.735,0.73375,0.9211112,0.736111,0.82214,0.82068
L-SHADE,curr_p_best,interm,low,high,low,0.7223026,0.784342,0.7425,0.73875,0.91,0.7704441999999999,0.8463,0.8391200000000001
L-SHADE,degl,bin,low,high,low,0.7256578,0.7823682,0.78625,0.7525,0.9202222,0.7775558000000001,0.73546,0.7782399999999999
L-SHADE,degl,interm,low,high,low,0.7126314,0.7440788,0.75375,0.71125,0.7688888,0.4723334,0.46682,0.39248
JDE,rand/1,bin,low,mid,high,0.7119736,0.7838814000000001,0.73625,0.69875,0.7775556,0.5886666,0.7104199999999999,0.7148399999999999
JDE,rand/1,interm,low,mid,high,0.7161841999999999,0.7816448,0.725,0.7575,0.8875556,0.708889,0.85582,0.8770600000000001
JDE,curr_p_best,bin,low,mid,high,0.7149998000000001,0.7844738,0.735,0.74625,0.9256666,0.7490000000000001,0.85872,0.8468399999999999
JDE,curr_p_best,interm,low,mid,high,0.716842,0.7844078,0.74375,0.74875,0.9246666,0.7582222,0.8539399999999999,0.81412
JDE,degl,bin,low,mid,high,0.7175,0.7832238,0.77,0.76375,0.8951111999999999,0.771889,0.7663800000000001,0.7417600000000001
JDE,degl,interm,low,mid,high,0.72125,0.7826314,0.74875,0.76625,0.8948888,0.7717778000000001,0.7016399999999999,0.71514
JADE,rand/1,bin,low,mid,high,0.716842,0.7843418000000001,0.7225,0.755,0.7994446,0.5677776,0.46414,0.49728
JADE,rand/1,interm,low,mid,high,0.7200658000000001,0.7846711999999999,0.74875,0.755,0.8176666,0.6882224,0.8692200000000001,0.8714200000000001
JADE,curr_p_best,bin,low,mid,high,0.7192104,0.7821712,0.7375,0.71125,0.9392222,0.7611111999999999,0.7856,0.7869
JADE,curr_p_best,interm,low,mid,high,0.7172368,0.783355,0.7525,0.75,0.9399998,0.7878892,0.83586,0.83698
JADE,degl,bin,low,mid,high,0.7163158000000001,0.7819738,0.7725,0.755,0.9173334,0.774111,0.6443800000000001,0.7666
JADE,degl,interm,low,mid,high,0.7103946,0.7600658,0.73,0.73625,0.7223335999999999,0.4285556,0.37696,0.42266
SHADE,rand/1,bin,low,mid,high,0.7152632,0.7851314,0.745,0.715,0.7711111999999999,0.5695554,0.4526,0.46194
SHADE,rand/1,interm,low,mid,high,0.7200658000000001,0.7842766,0.7525,0.765,0.8062222,0.6588888,0.8669399999999999,0.8701399999999999
SHADE,curr_p_best,bin,low,mid,high,0.718421,0.781908,0.7275,0.74625,0.9389998,0.7806668000000001,0.77976,0.75878
SHADE,curr_p_best,interm,low,mid,high,0.7186186,0.7826972,0.79875,0.7825,0.9305558,0.7703331999999999,0.8327399999999999,0.8282200000000001
SHADE,degl,bin,low,mid,high,0.7161841999999999,0.7813158,0.7425,0.7375,0.9295556,0.7732220000000001,0.65166,0.75602
SHADE,degl,interm,low,mid,high,0.7067106,0.7494078000000001,0.7575,0.7125,0.7546666,0.433111,0.40222,0.37556
L-SHADE,rand/1,bin,low,mid,high,0.714079,0.7828948,0.69,0.68375,0.7835558000000001,0.5896666,0.68092,0.73614
L-SHADE,rand/1,interm,low,mid,high,0.7196712,0.783421,0.7425,0.76375,0.8234444,0.6831108,0.8427399999999999,0.8592799999999999
L-SHADE,curr_p_best,bin,low,mid,high,0.716645,0.7832894,0.74375,0.71875,0.932889,0.7431112,0.7467,0.7450399999999999
L-SHADE,curr_p_best,interm,low,mid,high,0.7248684,0.782434,0.73625,0.77125,0.936889,0.7747778000000001,0.79908,0.8122199999999999
L-SHADE,degl,bin,low,mid,high,0.7233552,0.7792104000000001,0.74625,0.75125,0.9012224,0.7553333999999999,0.63054,0.7297
L-SHADE,degl,interm,low,mid,high,0.7070392,0.7496056,0.74625,0.69375,0.7625556,0.428889,0.43176,0.4235
JDE,rand/1,bin,low,mid,mid,0.7133554,0.783421,0.75375,0.71625,0.7838890000000001,0.5882224,0.6783,0.7095
JDE,rand/1,interm,low,mid,mid,0.7140791999999999,0.783158,0.735,0.71625,0.8628889999999999,0.715,0.8754799999999999,0.88936
JDE,curr_p_best,bin,low,mid,mid,0.716645,0.7824344,0.73125,0.7225,0.9056668,0.7523333999999999,0.87084,0.88066
JDE,curr_p_best,interm,low,mid,mid,0.7178948,0.7832236,0.74,0.76,0.9243334,0.7624444,0.8637799999999999,0.8588600000000001
JDE,degl,bin,low,mid,mid,0.7148684000000001,0.7820396,0.75875,0.745,0.9033334,0.7859998,0.8115600000000001,0.80676
JDE,degl,interm,low,mid,mid,0.7222366,0.7817764,0.72,0.7625,0.873,0.7723334,0.7573,0.7652399999999999
JADE,rand/1,bin,low,mid,mid,0.7138158,0.7834866,0.71125,0.67875,0.7504444,0.563,0.43338,0.47858
JADE,rand/1,interm,low,mid,mid,0.7194078,0.785,0.745,0.72125,0.7813334,0.6809999999999999,0.85754,0.8768
JADE,curr_p_best,bin,low,mid,mid,0.7145394,0.7813816,0.73875,0.70625,0.9286666,0.751889,0.8323799999999999,0.81358
JADE,curr_p_best,interm,low,mid,mid,0.715921,0.7852631999999999,0.73875,0.75375,0.9395556,0.7768888,0.8544,0.84662
JADE,degl,bin,low,mid,mid,0.7290786,0.7813158,0.765,0.75875,0.9318888,0.7618888,0.71246,0.7875800000000001
JADE,degl,interm,low,mid,mid,0.7163811999999999,0.7446054,0.7375,0.69875,0.7582222,0.429111,0.43538,0.47222
SHADE,rand/1,bin,low,mid,mid,0.7158554,0.7838814000000001,0.72125,0.685,0.7846666,0.5721109999999999,0.4275,0.6968
SHADE,rand/1,interm,low,mid,mid,0.7207895999999999,0.7846054,0.7525,0.76625,0.7826666,0.665,0.8715,0.87818
SHADE,curr_p_best,bin,low,mid,mid,0.7166448000000001,0.7817105999999999,0.74,0.73,0.942,0.7493334,0.81794,0.80342
SHADE,curr_p_best,interm,low,mid,mid,0.7224341999999999,0.7865131999999999,0.77,0.77625,0.9401112,0.7972224,0.85182,0.8389200000000001
SHADE,degl,bin,low,mid,mid,0.7217104,0.7810528,0.755,0.7525,0.931667,0.7934445999999999,0.6983,0.7874800000000001
SHADE,degl,interm,low,mid,mid,0.704408,0.7686184,0.72375,0.67125,0.7494441999999999,0.4286666,0.44046,0.45534
L-SHADE,rand/1,bin,low,mid,mid,0.7172368,0.784671,0.73625,0.71,0.7936668,0.559333,0.6219600000000001,0.7516
L-SHADE,rand/1,interm,low,mid,mid,0.7173686,0.7855264,0.78,0.72875,0.7765558000000001,0.6776666,0.85944,0.8659399999999999
L-SHADE,curr_p_best,bin,low,mid,mid,0.7165788000000001,0.783355,0.74375,0.7325,0.9335554,0.7512220000000001,0.78546,0.7772
L-SHADE,curr_p_best,interm,low,mid,mid,0.7214474,0.7836841999999999,0.74125,0.76875,0.9312224,0.7753334,0.8277399999999999,0.8251
L-SHADE,degl,bin,low,mid,mid,0.7173026,0.7764472,0.76875,0.77,0.9348888,0.782111,0.65982,0.7405
L-SHADE,degl,interm,low,mid,mid,0.7146051999999999,0.7511186,0.755,0.7125,0.7525554,0.4362224,0.44988,0.43072
JDE,rand/1,bin,low,mid,low,0.7117104000000001,0.781908,0.75375,0.71625,0.753111,0.5842224,0.64218,0.68894
JDE,rand/1,interm,low,mid,low,0.7199342,0.7828946,0.735,0.71625,0.7778888,0.7146666,0.8686,0.8953200000000001
JDE,curr_p_best,bin,low,mid,low,0.7188816,0.7836841999999999,0.73125,0.7225,0.835111,0.745111,0.85196,0.8941
JDE,curr_p_best,interm,low,mid,low,0.7198028000000001,0.7846052,0.74,0.76,0.9098888,0.7476668000000001,0.8546600000000001,0.8881
JDE,degl,bin,low,mid,low,0.7190131999999999,0.7832895999999999,0.75875,0.745,0.8905556,0.7798888,0.8419399999999999,0.83352
JDE,degl,interm,low,mid,low,0.7201312,0.784605,0.72,0.7625,0.8814443999999999,0.7181112,0.8003399999999999,0.79814
JADE,rand/1,bin,low,mid,low,0.7126316,0.7840788000000001,0.71125,0.67875,0.7856664000000001,0.5544444000000001,0.4164600000000001,0.46858
JADE,rand/1,interm,low,mid,low,0.719408,0.785921,0.745,0.72125,0.764,0.6511111999999999,0.87776,0.8791399999999999
JADE,curr_p_best,bin,low,mid,low,0.7229604000000001,0.7840132,0.73875,0.70625,0.9309998,0.7367778,0.8520399999999999,0.83942
JADE,curr_p_best,interm,low,mid,low,0.7175658,0.7854604000000001,0.73875,0.75375,0.8536668,0.7541111999999999,0.8595799999999999,0.85906
JADE,degl,bin,low,mid,low,0.7307236,0.7850004,0.765,0.75875,0.9486664,0.7945558000000001,0.7568199999999999,0.79772
JADE,degl,interm,low,mid,low,0.7108554,0.7532894,0.7375,0.69875,0.7321112,0.4952222,0.4694,0.4597600000000001
SHADE,rand/1,bin,low,mid,low,0.7139474,0.7858552,0.72125,0.685,0.7761111999999999,0.5685555999999999,0.44684,0.7773
SHADE,rand/1,interm,low,mid,low,0.72,0.7843422,0.7525,0.76625,0.7656666,0.6672222,0.8766200000000001,0.88434
SHADE,curr_p_best,bin,low,mid,low,0.7217102,0.7836844000000001,0.74,0.73,0.9261112,0.7447778,0.8477,0.83278
SHADE,curr_p_best,interm,low,mid,low,0.7211841999999999,0.7833551999999999,0.77,0.77625,0.9325556,0.760111,0.8579200000000001,0.85406
SHADE,degl,bin,low,mid,low,0.7186842,0.7835525999999999,0.755,0.7525,0.9213332,0.8177778,0.7618,0.79018
SHADE,degl,interm,low,mid,low,0.7161841999999999,0.7550658,0.72375,0.67125,0.7373331999999999,0.4608888,0.46288,0.42074
L-SHADE,rand/1,bin,low,mid,low,0.7187501999999999,0.782829,0.73625,0.71,0.7706666,0.5786666,0.57624,0.7660399999999999
L-SHADE,rand/1,interm,low,mid,low,0.72125,0.7842762,0.78,0.72875,0.7680001999999999,0.663111,0.8617799999999999,0.8730600000000001
L-SHADE,curr_p_best,bin,low,mid,low,0.7167762,0.7835529999999999,0.74375,0.7325,0.9254444,0.7473331999999999,0.8194600000000001,0.8126399999999999
L-SHADE,curr_p_best,interm,low,mid,low,0.7194078,0.7828288,0.74125,0.76875,0.9371112,0.769,0.843,0.8427600000000001
L-SHADE,degl,bin,low,mid,low,0.7154604,0.7823684000000001,0.76875,0.77,0.936,0.7784446,0.7084600000000001,0.7702600000000001
L-SHADE,degl,interm,low,mid,low,0.7130264000000001,0.7674344,0.755,0.7125,0.7449998000000001,0.4756664,0.43084,0.4374
JDE,rand/1,bin,low,low,high,0.7111184,0.7840132,0.72875,0.725,0.8112222,0.5963331999999999,0.7271,0.7015
JDE,rand/1,interm,low,low,high,0.7190131999999999,0.7840132,0.73125,0.72875,0.904889,0.7109998000000001,0.85064,0.8771399999999999
JDE,curr_p_best,bin,low,low,high,0.7182236,0.7826316,0.76,0.74,0.9263332,0.754111,0.8546799999999999,0.83568
JDE,curr_p_best,interm,low,low,high,0.7191446,0.7828291999999999,0.73875,0.73,0.924889,0.7705558000000001,0.85572,0.80448
JDE,degl,bin,low,low,high,0.7179604,0.7832895999999999,0.76625,0.74875,0.8885554,0.7727778000000001,0.7601600000000001,0.74484
JDE,degl,interm,low,low,high,0.7201314,0.7828288,0.77875,0.7775,0.8877778000000001,0.7762220000000001,0.70236,0.7164
JADE,rand/1,bin,low,low,high,0.7186184,0.7846052,0.74125,0.71,0.7968888000000001,0.6085556,0.4645,0.50466
JADE,rand/1,interm,low,low,high,0.7223684,0.7864474,0.74875,0.7425,0.8678886,0.6776668,0.8684,0.87024
JADE,curr_p_best,bin,low,low,high,0.7157236,0.7836185999999999,0.72,0.73625,0.943,0.7745556,0.78704,0.78528
JADE,curr_p_best,interm,low,low,high,0.7183554,0.780329,0.7625,0.76375,0.9398888,0.8001111999999999,0.8354799999999999,0.8371200000000001
JADE,degl,bin,low,low,high,0.7207894,0.7765132,0.76,0.76,0.8873334,0.765,0.65758,0.7694
JADE,degl,interm,low,low,high,0.7226315999999999,0.7498028,0.7375,0.7075,0.7283334,0.4446668,0.40574,0.43968
SHADE,rand/1,bin,low,low,high,0.7132894000000001,0.7851974,0.72,0.7325,0.8208888000000001,0.5518890000000001,0.45528,0.57822
SHADE,rand/1,interm,low,low,high,0.7207236,0.7838818000000001,0.75375,0.75125,0.8685554,0.6814446,0.86882,0.8709399999999999
SHADE,curr_p_best,bin,low,low,high,0.7166448000000001,0.7821712,0.725,0.75875,0.9417778,0.7507778,0.7708,0.77346
SHADE,curr_p_best,interm,low,low,high,0.7188816,0.7800658,0.73125,0.77625,0.9455556,0.8073332,0.83242,0.82904
SHADE,degl,bin,low,low,high,0.7256578,0.7799344,0.76625,0.7575,0.9312222,0.7806668000000001,0.64086,0.76522
SHADE,degl,interm,low,low,high,0.7049342,0.753421,0.74125,0.6875,0.7575556,0.4702222,0.41182,0.41292
L-SHADE,rand/1,bin,low,low,high,0.7154606,0.7840788000000001,0.71125,0.72875,0.8304444,0.5882222,0.67806,0.73398
L-SHADE,rand/1,interm,low,low,high,0.717763,0.7841448000000001,0.76,0.74875,0.8697778,0.6826668,0.84962,0.85482
L-SHADE,curr_p_best,bin,low,low,high,0.7173028,0.7826974,0.72625,0.71875,0.9355554,0.7406666000000001,0.7476,0.75122
L-SHADE,curr_p_best,interm,low,low,high,0.7211185999999999,0.7824342,0.76375,0.77,0.9327778,0.7682220000000001,0.81818,0.81328
L-SHADE,degl,bin,low,low,high,0.723158,0.7770394,0.765,0.775,0.878,0.7463331999999999,0.63284,0.72738
L-SHADE,degl,interm,low,low,high,0.7094078,0.7623684000000001,0.77625,0.69375,0.7606668000000001,0.4365555999999999,0.4244600000000001,0.4309
JDE,rand/1,bin,low,low,mid,0.715921,0.7821052,0.72875,0.725,0.7884441999999999,0.5798888000000001,0.6923600000000001,0.68686
JDE,rand/1,interm,low,low,mid,0.720263,0.7844736,0.73125,0.72875,0.8424446,0.7091109999999999,0.87208,0.8873
JDE,curr_p_best,bin,low,low,mid,0.7180264000000001,0.7838158000000001,0.76,0.74,0.9052222,0.733222,0.8724200000000001,0.8769399999999999
JDE,curr_p_best,interm,low,low,mid,0.7170396,0.7841448000000001,0.73875,0.73,0.9225556,0.7504441999999999,0.8567600000000001,0.8559
JDE,degl,bin,low,low,mid,0.7169736,0.7828946,0.76625,0.74875,0.8924446,0.767889,0.8113,0.79272
JDE,degl,interm,low,low,mid,0.719737,0.7813156,0.77875,0.7775,0.8561110000000001,0.7545556,0.76702,0.7632399999999999
JADE,rand/1,bin,low,low,mid,0.7191448,0.7836185999999999,0.74125,0.71,0.7904441999999999,0.5811111999999999,0.44956,0.47484
JADE,rand/1,interm,low,low,mid,0.7194738,0.7819078,0.74875,0.7425,0.7752220000000001,0.6697778,0.8704,0.87566
JADE,curr_p_best,bin,low,low,mid,0.7198684000000001,0.781579,0.72,0.73625,0.9435556,0.7676668000000001,0.82642,0.81066
JADE,curr_p_best,interm,low,low,mid,0.720658,0.7845396,0.7625,0.76375,0.9371112,0.7567775999999999,0.84978,0.8498
JADE,degl,bin,low,low,mid,0.713158,0.7815131999999999,0.76,0.76,0.928,0.7842224,0.6944600000000001,0.78094
JADE,degl,interm,low,low,mid,0.7142764,0.7553946,0.7375,0.7075,0.7465556,0.4424444,0.44388,0.44192
SHADE,rand/1,bin,low,low,mid,0.7160526,0.7848026,0.72,0.7325,0.7641111999999999,0.5753334,0.43244,0.76332
SHADE,rand/1,interm,low,low,mid,0.720066,0.781842,0.75375,0.75125,0.8025554,0.6582222,0.8716200000000001,0.87808
SHADE,curr_p_best,bin,low,low,mid,0.7164474000000001,0.78375,0.725,0.75875,0.9387778,0.745,0.81924,0.7982199999999999
SHADE,curr_p_best,interm,low,low,mid,0.7207894,0.7826976,0.73125,0.77625,0.9368888,0.7803332,0.84852,0.8406799999999999
SHADE,degl,bin,low,low,mid,0.7217106,0.7805918000000001,0.76625,0.7575,0.9343334,0.8051111999999999,0.70206,0.7761399999999999
SHADE,degl,interm,low,low,mid,0.70375,0.7533552,0.74125,0.6875,0.7372221999999999,0.4174442,0.4211,0.41406
L-SHADE,rand/1,bin,low,low,mid,0.7160524,0.7840792,0.71125,0.72875,0.7662222,0.5893331999999999,0.62124,0.7521399999999999
L-SHADE,rand/1,interm,low,low,mid,0.7175,0.7828288,0.76,0.74875,0.7691111999999999,0.6830002,0.8567600000000001,0.86936
L-SHADE,curr_p_best,bin,low,low,mid,0.7181578000000001,0.7805922,0.72625,0.71875,0.9444446,0.736889,0.7869,0.7783
L-SHADE,curr_p_best,interm,low,low,mid,0.7194078,0.7848682,0.76375,0.77,0.9334446,0.7694444,0.82834,0.82436
L-SHADE,degl,bin,low,low,mid,0.724342,0.7782238,0.765,0.775,0.9034446,0.7554444,0.66946,0.7558
L-SHADE,degl,interm,low,low,mid,0.7073028,0.7603288,0.77625,0.69375,0.726,0.4266666,0.45504,0.4184600000000001
JDE,rand/1,bin,low,low,low,0.7155922,0.7827634,0.72875,0.725,0.772778,0.5647778,0.66046,0.68602
JDE,rand/1,interm,low,low,low,0.7195396,0.783487,0.73125,0.72875,0.8085554,0.7165554,0.85198,0.89176
JDE,curr_p_best,bin,low,low,low,0.7164474000000001,0.7876314,0.76,0.74,0.8922226000000001,0.742,0.88054,0.88764
JDE,curr_p_best,interm,low,low,low,0.7180922,0.7835525999999999,0.73875,0.73,0.9285556,0.7385556,0.88082,0.8725799999999999
JDE,degl,bin,low,low,low,0.715329,0.7817105999999999,0.76625,0.74875,0.925778,0.7794444,0.8200200000000001,0.82178
JDE,degl,interm,low,low,low,0.7192108,0.7825656,0.77875,0.7775,0.8798888000000001,0.7595556,0.7924,0.77922
JADE,rand/1,bin,low,low,low,0.720329,0.7880265999999999,0.74125,0.71,0.7706664000000001,0.5893334,0.42818,0.45438
JADE,rand/1,interm,low,low,low,0.7180264000000001,0.7851315999999999,0.74875,0.7425,0.7662222,0.6604441999999999,0.875,0.8792200000000001
JADE,curr_p_best,bin,low,low,low,0.7186186,0.7836841999999999,0.72,0.73625,0.9371112,0.7528885999999999,0.8376399999999999,0.8237
JADE,curr_p_best,interm,low,low,low,0.7198026,0.7809208000000001,0.7625,0.76375,0.9342222,0.7738888,0.8565200000000001,0.8514799999999999
JADE,degl,bin,low,low,low,0.7189472,0.7836841999999999,0.76,0.76,0.9405556,0.8087778,0.7376199999999999,0.79538
JADE,degl,interm,low,low,low,0.7146712,0.7614474,0.7375,0.7075,0.7243331999999999,0.4525554,0.47624,0.47376
SHADE,rand/1,bin,low,low,low,0.7125658,0.7853288,0.72,0.7325,0.7855554,0.5748888000000001,0.43058,0.75378
SHADE,rand/1,interm,low,low,low,0.7194078,0.7834211999999999,0.75375,0.75125,0.7754441999999999,0.6559999999999999,0.85588,0.8808600000000001
SHADE,curr_p_best,bin,low,low,low,0.7172368,0.7823026,0.725,0.75875,0.944111,0.7358888000000001,0.83896,0.80852
SHADE,curr_p_best,interm,low,low,low,0.7209211999999999,0.7822368000000001,0.73125,0.77625,0.9352222,0.7810001999999999,0.8524,0.84644
SHADE,degl,bin,low,low,low,0.7210524,0.7798026,0.76625,0.7575,0.9362224,0.8096666,0.73154,0.77918
SHADE,degl,interm,low,low,low,0.714737,0.7634208,0.74125,0.6875,0.7660001999999999,0.4733334,0.43468,0.42586
L-SHADE,rand/1,bin,low,low,low,0.7164470000000001,0.7857896,0.71125,0.72875,0.7907778,0.5838888000000001,0.5614,0.7612399999999999
L-SHADE,rand/1,interm,low,low,low,0.719934,0.784737,0.76,0.74875,0.7584444,0.6833336,0.8585200000000001,0.86854
L-SHADE,curr_p_best,bin,low,low,low,0.7159211999999999,0.783816,0.72625,0.71875,0.9264446,0.7307776,0.8036,0.79652
L-SHADE,curr_p_best,interm,low,low,low,0.7196052,0.7830262,0.76375,0.77,0.931,0.7610001999999999,0.8406600000000001,0.83214
L-SHADE,degl,bin,low,low,low,0.7157238,0.780066,0.765,0.775,0.9286666,0.769111,0.7025600000000001,0.76742
L-SHADE,degl,interm,low,low,low,0.7211185999999999,0.7716448,0.77625,0.69375,0.7782224,0.4935556,0.4548,0.43368
JDE,rand/1,bin,mid,high,high,0.718158,0.7827632,0.7625,0.7425,0.894,0.622222,0.8044,0.80578
JDE,rand/1,interm,mid,high,high,0.7190131999999999,0.7817764,0.77125,0.75375,0.9146668,0.7206668,0.84764,0.88064
JDE,curr_p_best,bin,mid,high,high,0.7148026,0.7808554,0.72625,0.77875,0.9252222,0.7879999999999999,0.82726,0.8461799999999999
JDE,curr_p_best,interm,mid,high,high,0.7197368000000001,0.7826318,0.76625,0.73125,0.9032222,0.8054444000000001,0.84616,0.8289
JDE,degl,bin,mid,high,high,0.7178948,0.7812498000000001,0.785,0.76125,0.8491112,0.7876666,0.7599600000000001,0.7771600000000001
JDE,degl,interm,mid,high,high,0.7254606,0.7798684,0.76375,0.765,0.8728888000000001,0.8012224,0.71626,0.7701600000000001
JADE,rand/1,bin,mid,high,high,0.7165792,0.7818421999999999,0.74125,0.73375,0.8416664,0.6485556,0.53564,0.58908
JADE,rand/1,interm,mid,high,high,0.7178948,0.784013,0.7325,0.7575,0.906889,0.7213334,0.86024,0.8819600000000001
JADE,curr_p_best,bin,mid,high,high,0.7209211999999999,0.7831578,0.755,0.76125,0.9604446,0.8252222,0.79982,0.7974399999999999
JADE,curr_p_best,interm,mid,high,high,0.7151972,0.7776316,0.78625,0.77625,0.9376668,0.8236667999999999,0.8459399999999999,0.8477399999999999
JADE,degl,bin,mid,high,high,0.7212502,0.7753946,0.75875,0.7825,0.8895556,0.7735556,0.68116,0.80092
JADE,degl,interm,mid,high,high,0.6976316,0.7476316,0.76875,0.73,0.7546666,0.4642224,0.44306,0.50716
SHADE,rand/1,bin,mid,high,high,0.7217104,0.7839472,0.7525,0.705,0.8752222,0.6354444,0.5370199999999999,0.57572
SHADE,rand/1,interm,mid,high,high,0.7182236,0.7800658,0.7425,0.75625,0.8742224000000001,0.727889,0.86866,0.8841399999999999
SHADE,curr_p_best,bin,mid,high,high,0.7214474,0.7801971999999999,0.7075,0.73,0.9523336,0.8144444000000001,0.78262,0.78576
SHADE,curr_p_best,interm,mid,high,high,0.7216446,0.7817105999999999,0.7575,0.7925,0.9344444,0.8262222,0.84562,0.8478
SHADE,degl,bin,mid,high,high,0.7213158000000001,0.7739474000000001,0.76625,0.775,0.837889,0.7938890000000001,0.6662600000000001,0.78846
SHADE,degl,interm,mid,high,high,0.7071054,0.7343422,0.7575,0.71875,0.7702224,0.4153334,0.47876,0.45536
L-SHADE,rand/1,bin,mid,high,high,0.7223685999999999,0.780921,0.75,0.71,0.8995554,0.694222,0.76488,0.77376
L-SHADE,rand/1,interm,mid,high,high,0.72125,0.7830921999999999,0.7625,0.76375,0.8963332,0.730111,0.8556799999999999,0.88046
L-SHADE,curr_p_best,bin,mid,high,high,0.7174344,0.7811184,0.75375,0.77625,0.949111,0.8116666,0.75478,0.76056
L-SHADE,curr_p_best,interm,mid,high,high,0.7186186,0.7795394,0.74625,0.7575,0.9332222,0.7992224,0.82452,0.83554
L-SHADE,degl,bin,mid,high,high,0.7132894000000001,0.7792106,0.77625,0.79375,0.8758888000000001,0.7766668000000001,0.639,0.77984
L-SHADE,degl,interm,mid,high,high,0.7082894000000001,0.7495394000000001,0.76625,0.67625,0.7349998000000001,0.4288888,0.46996,0.46146
JDE,rand/1,bin,mid,high,mid,0.7119738,0.783158,0.7475,0.74125,0.8640002,0.6365556,0.7882600000000001,0.7994399999999999
JDE,rand/1,interm,mid,high,mid,0.7202632,0.7813818,0.7325,0.74125,0.8917778000000001,0.743111,0.85624,0.8867799999999999
JDE,curr_p_best,bin,mid,high,mid,0.7173684,0.7844078,0.73625,0.74875,0.9043334,0.782333,0.84124,0.86582
JDE,curr_p_best,interm,mid,high,mid,0.7197366,0.7798684,0.73875,0.785,0.9219998,0.7995555999999999,0.87044,0.85798
JDE,degl,bin,mid,high,mid,0.7191446,0.7820391999999999,0.76875,0.77,0.8711111999999999,0.79,0.81014,0.81226
JDE,degl,interm,mid,high,mid,0.7210525999999999,0.781908,0.77375,0.79125,0.8434444,0.7872224,0.76476,0.79466
JADE,rand/1,bin,mid,high,mid,0.7165134,0.7829606,0.74375,0.73875,0.837889,0.6392224,0.52258,0.56834
JADE,rand/1,interm,mid,high,mid,0.7221052,0.7829604,0.75875,0.72,0.8645556000000001,0.7138888000000001,0.8822200000000001,0.88994
JADE,curr_p_best,bin,mid,high,mid,0.7172368,0.781579,0.735,0.72375,0.9603332,0.8255554,0.82952,0.8181
JADE,curr_p_best,interm,mid,high,mid,0.7220394,0.7803948,0.76,0.75,0.944111,0.8348888000000001,0.86782,0.86266
JADE,degl,bin,mid,high,mid,0.7160528,0.781579,0.79375,0.76625,0.8875556,0.8086668,0.69282,0.80812
JADE,degl,interm,mid,high,mid,0.708487,0.7516446,0.75,0.67625,0.7528888000000001,0.4557778,0.4606,0.49162
SHADE,rand/1,bin,mid,high,mid,0.7161184,0.7830921999999999,0.77,0.7425,0.8753334,0.7084444000000001,0.5154,0.5484600000000001
SHADE,rand/1,interm,mid,high,mid,0.7199342,0.7839474,0.76625,0.7525,0.8193334000000001,0.727,0.86418,0.8926200000000001
SHADE,curr_p_best,bin,mid,high,mid,0.7161185999999999,0.7838814000000001,0.74625,0.7725,0.9584442,0.8168890000000001,0.82462,0.80578
SHADE,curr_p_best,interm,mid,high,mid,0.7202632,0.7810526,0.75875,0.75,0.9387776,0.8342222,0.8638600000000001,0.85414
SHADE,degl,bin,mid,high,mid,0.7328948000000001,0.7803292,0.75,0.76625,0.9345554,0.8142224,0.72,0.79548
SHADE,degl,interm,mid,high,mid,0.712763,0.7525002,0.74875,0.6925,0.7472222,0.4297778,0.44256,0.4855600000000001
L-SHADE,rand/1,bin,mid,high,mid,0.7188156,0.7828291999999999,0.73875,0.71375,0.8813334,0.6966666,0.7981,0.8004
L-SHADE,rand/1,interm,mid,high,mid,0.7207236,0.7832238,0.775,0.78,0.8422221999999999,0.7182221999999999,0.8564799999999999,0.88044
L-SHADE,curr_p_best,bin,mid,high,mid,0.7205924,0.7853948000000001,0.77375,0.73,0.954111,0.7879998,0.79568,0.78854
L-SHADE,curr_p_best,interm,mid,high,mid,0.7211184,0.778421,0.77125,0.76875,0.9354446,0.7994446,0.8361200000000001,0.8439399999999999
L-SHADE,degl,bin,mid,high,mid,0.7276974,0.779342,0.75375,0.7575,0.9304444,0.7827778000000001,0.65222,0.7834
L-SHADE,degl,interm,mid,high,mid,0.7173026,0.7517106,0.75625,0.7075,0.779222,0.4083332,0.4429,0.44276
JDE,rand/1,bin,mid,high,low,0.7157894,0.7834211999999999,0.74375,0.705,0.8581114,0.6314444,0.7814800000000001,0.79052
JDE,rand/1,interm,mid,high,low,0.720329,0.784342,0.76375,0.7525,0.8445556000000001,0.7283334,0.84836,0.8971399999999999
JDE,curr_p_best,bin,mid,high,low,0.718684,0.78375,0.7525,0.745,0.9155556,0.7497778,0.8405,0.89466
JDE,curr_p_best,interm,mid,high,low,0.7185526,0.781579,0.76375,0.75,0.8998888,0.7672222,0.8713200000000001,0.8871
JDE,degl,bin,mid,high,low,0.7197368000000001,0.7823028000000001,0.79375,0.76625,0.8288888000000001,0.7898890000000001,0.82962,0.8456799999999999
JDE,degl,interm,mid,high,low,0.7228289999999999,0.7851974,0.78375,0.76375,0.831,0.772889,0.81072,0.8303200000000001
JADE,rand/1,bin,mid,high,low,0.7182238000000001,0.785592,0.73,0.7325,0.7682224,0.5898888000000001,0.49828,0.5484399999999999
JADE,rand/1,interm,mid,high,low,0.7217104,0.7847368,0.7675,0.72125,0.7975552,0.7141109999999999,0.8909799999999999,0.8965
JADE,curr_p_best,bin,mid,high,low,0.7201974,0.781513,0.7275,0.73625,0.8690000000000001,0.8182224,0.86224,0.8529399999999999
JADE,curr_p_best,interm,mid,high,low,0.7214474,0.7831578,0.775,0.7725,0.8968888,0.8287778,0.8782200000000001,0.87184
JADE,degl,bin,mid,high,low,0.7195391999999999,0.7780262,0.7575,0.75125,0.9203332,0.8167778,0.7482800000000001,0.82052
JADE,degl,interm,mid,high,low,0.7095398,0.7618421999999999,0.755,0.7675,0.7237778,0.4483332,0.4825,0.49462
SHADE,rand/1,bin,mid,high,low,0.719737,0.7831578,0.7325,0.7225,0.8356665999999999,0.6624444,0.48704,0.64132
SHADE,rand/1,interm,mid,high,low,0.722763,0.7855264,0.77,0.73625,0.793111,0.7188888000000001,0.89244,0.89746
SHADE,curr_p_best,bin,mid,high,low,0.7186842,0.7842106,0.74625,0.77,0.962111,0.8208888000000001,0.85682,0.84378
SHADE,curr_p_best,interm,mid,high,low,0.7213816,0.7825,0.765,0.7675,0.9425554,0.8278888000000001,0.87646,0.8721200000000001
SHADE,degl,bin,mid,high,low,0.7217104,0.7821052,0.77625,0.745,0.9414444,0.8414444,0.74826,0.80906
SHADE,degl,interm,mid,high,low,0.7123026,0.7574342,0.74875,0.72125,0.7235554,0.4391112,0.43332,0.45554
L-SHADE,rand/1,bin,mid,high,low,0.7166448000000001,0.7830264,0.745,0.7175,0.8374446,0.6896666,0.77094,0.8125
L-SHADE,rand/1,interm,mid,high,low,0.7189474,0.7845396,0.76625,0.7425,0.8091111999999999,0.7172221999999999,0.8775799999999999,0.88926
L-SHADE,curr_p_best,bin,mid,high,low,0.7143421999999999,0.7822368000000001,0.74625,0.75,0.9307778,0.8082222,0.83554,0.8328200000000001
L-SHADE,curr_p_best,interm,mid,high,low,0.7232896,0.7828288,0.76625,0.75875,0.916889,0.7994444,0.8596,0.86026
L-SHADE,degl,bin,mid,high,low,0.7201316,0.7851314,0.765,0.75875,0.9145556,0.8171114,0.7329399999999999,0.80038
L-SHADE,degl,interm,mid,high,low,0.7178948,0.7650001999999999,0.69625,0.7375,0.7427779999999999,0.4728890000000001,0.43768,0.46604
JDE,rand/1,bin,mid,mid,high,0.7157234,0.7819735999999999,0.725,0.71375,0.8574441999999999,0.6265556,0.81496,0.8118
JDE,rand/1,interm,mid,mid,high,0.7213158000000001,0.7805922,0.7325,0.775,0.923111,0.7138888000000001,0.8379,0.8824799999999999
JDE,curr_p_best,bin,mid,mid,high,0.715921,0.7830262,0.7575,0.7425,0.9066666,0.763889,0.8408,0.8319200000000001
JDE,curr_p_best,interm,mid,mid,high,0.7192764,0.7805922,0.74625,0.7775,0.9146666,0.801778,0.8389200000000001,0.7943399999999999
JDE,degl,bin,mid,mid,high,0.7205264,0.7811186,0.7625,0.76625,0.8381112,0.7989998,0.7629,0.7632399999999999
JDE,degl,interm,mid,mid,high,0.7189474,0.7788158000000001,0.75375,0.765,0.8655554,0.7918890000000001,0.7308,0.73848
JADE,rand/1,bin,mid,mid,high,0.7163818000000001,0.7830264,0.73125,0.72375,0.852,0.5942221999999999,0.5383,0.5875199999999999
JADE,rand/1,interm,mid,mid,high,0.722434,0.7823682,0.73625,0.7625,0.8854441999999999,0.734889,0.86014,0.8841200000000001
JADE,curr_p_best,bin,mid,mid,high,0.7279606,0.7823026,0.7525,0.765,0.9267778,0.8226665999999999,0.79902,0.80558
JADE,curr_p_best,interm,mid,mid,high,0.7180262,0.7783554,0.75375,0.79375,0.9354446,0.8205554,0.8479399999999999,0.8537
JADE,degl,bin,mid,mid,high,0.7196712,0.7819078,0.7525,0.74625,0.8780002,0.7904441999999999,0.67188,0.79328
JADE,degl,interm,mid,mid,high,0.7026974,0.7342764,0.75125,0.70875,0.7237778,0.4615556,0.46752,0.49678
SHADE,rand/1,bin,mid,mid,high,0.7151974,0.7832238,0.75125,0.7225,0.9101112,0.6627778,0.5325,0.59236
SHADE,rand/1,interm,mid,mid,high,0.7230262,0.7853945999999999,0.75875,0.7675,0.9045556,0.721111,0.8710600000000001,0.8851600000000001
SHADE,curr_p_best,bin,mid,mid,high,0.7164472,0.7828948,0.7175,0.7625,0.9537778,0.835,0.78994,0.792
SHADE,curr_p_best,interm,mid,mid,high,0.7236842,0.7784208,0.77125,0.725,0.921,0.8242224,0.8313200000000001,0.8458
SHADE,degl,bin,mid,mid,high,0.7186184,0.7774340000000001,0.7575,0.78,0.9187776,0.8098888000000001,0.6732,0.79052
SHADE,degl,interm,mid,mid,high,0.7117106,0.7347372,0.75625,0.68875,0.735,0.4295554,0.44608,0.49976
L-SHADE,rand/1,bin,mid,mid,high,0.720921,0.7834211999999999,0.74625,0.7475,0.9296666,0.7091109999999999,0.77294,0.79096
L-SHADE,rand/1,interm,mid,mid,high,0.7199342,0.7800001999999999,0.765,0.75375,0.9035556,0.7292224,0.84198,0.87674
L-SHADE,curr_p_best,bin,mid,mid,high,0.7241449999999999,0.7830921999999999,0.7725,0.74875,0.9496664,0.7976666,0.75342,0.7681
L-SHADE,curr_p_best,interm,mid,mid,high,0.725329,0.7807894000000001,0.75625,0.7775,0.9366666,0.8096666,0.8151,0.8376
L-SHADE,degl,bin,mid,mid,high,0.7207892,0.778158,0.75875,0.74,0.9009998,0.7824446,0.62884,0.7862399999999999
L-SHADE,degl,interm,mid,mid,high,0.7094078,0.7461844,0.77625,0.68625,0.76,0.4123332,0.4473,0.48464
JDE,rand/1,bin,mid,mid,mid,0.714079,0.7830262,0.7425,0.7275,0.8586668,0.634,0.81104,0.8008
JDE,rand/1,interm,mid,mid,mid,0.7174344,0.784737,0.7325,0.7575,0.8905556,0.7338888000000001,0.866,0.8914200000000001
JDE,curr_p_best,bin,mid,mid,mid,0.718092,0.7833551999999999,0.745,0.7475,0.925111,0.7745554,0.86072,0.86174
JDE,curr_p_best,interm,mid,mid,mid,0.719671,0.7805262,0.75,0.75125,0.8932222,0.8235556,0.86526,0.8418200000000001
JDE,degl,bin,mid,mid,mid,0.7174998,0.7828288,0.75,0.77375,0.865778,0.8175555999999999,0.8075600000000001,0.8037
JDE,degl,interm,mid,mid,mid,0.7211184,0.7800658,0.7425,0.7975,0.8946666,0.7986666,0.75498,0.76836
JADE,rand/1,bin,mid,mid,mid,0.7153946,0.7842762,0.7525,0.72375,0.8135554,0.6297775999999999,0.52846,0.5643
JADE,rand/1,interm,mid,mid,mid,0.7220394,0.7840132,0.77,0.75625,0.8324444,0.7258892,0.8695200000000001,0.8893399999999999
JADE,curr_p_best,bin,mid,mid,mid,0.7184868000000001,0.7823028000000001,0.74375,0.73875,0.9406666,0.8216664,0.8233799999999999,0.8238200000000001
JADE,curr_p_best,interm,mid,mid,mid,0.7177631999999999,0.7798684,0.75625,0.765,0.9412222,0.8344444,0.86508,0.8594
JADE,degl,bin,mid,mid,mid,0.7198026,0.7796054,0.72375,0.77125,0.9348888,0.812,0.66896,0.8052199999999999
JADE,degl,interm,mid,mid,mid,0.7119738,0.7442104,0.75875,0.7225,0.7816668000000001,0.4732222,0.42924,0.48084
SHADE,rand/1,bin,mid,mid,mid,0.7196054000000001,0.7833551999999999,0.72625,0.73,0.894,0.691,0.51368,0.5988399999999999
SHADE,rand/1,interm,mid,mid,mid,0.7226974,0.7825658000000001,0.7525,0.755,0.8083332,0.736889,0.8813200000000001,0.8920799999999999
SHADE,curr_p_best,bin,mid,mid,mid,0.714079,0.7817761999999999,0.7625,0.7275,0.9655554,0.8342224,0.81672,0.8124
SHADE,curr_p_best,interm,mid,mid,mid,0.7211841999999999,0.7832894,0.73875,0.7675,0.9422224,0.8371111999999999,0.8562,0.8564799999999999
SHADE,degl,bin,mid,mid,mid,0.7175,0.7794078000000001,0.755,0.76375,0.925889,0.8192219999999999,0.7038399999999999,0.79498
SHADE,degl,interm,mid,mid,mid,0.7056578,0.7660528,0.7625,0.68125,0.7257778,0.4523334,0.44238,0.44474
L-SHADE,rand/1,bin,mid,mid,mid,0.7223028,0.7824344,0.74,0.74125,0.8762222,0.699222,0.77904,0.8013399999999999
L-SHADE,rand/1,interm,mid,mid,mid,0.7236842,0.7830264,0.765,0.7575,0.8304446,0.7325556,0.86854,0.8826799999999999
L-SHADE,curr_p_best,bin,mid,mid,mid,0.7195394,0.7836841999999999,0.75625,0.75875,0.9543332,0.798111,0.78968,0.79076
L-SHADE,curr_p_best,interm,mid,mid,mid,0.7228289999999999,0.7825,0.75125,0.7825,0.9428892,0.8206665999999999,0.8417,0.8447600000000001
L-SHADE,degl,bin,mid,mid,mid,0.72125,0.7773682,0.76625,0.73375,0.9373334,0.8012222,0.6842600000000001,0.77188
L-SHADE,degl,interm,mid,mid,mid,0.7176974,0.7492764000000001,0.7425,0.70375,0.7426666000000001,0.4417776,0.48042,0.4739
JDE,rand/1,bin,mid,mid,low,0.7147368000000001,0.7836184,0.71875,0.7375,0.8424446,0.6372222,0.77578,0.80098
JDE,rand/1,interm,mid,mid,low,0.7202632,0.7827632,0.73875,0.735,0.814667,0.7307781999999999,0.8594,0.89956
JDE,curr_p_best,bin,mid,mid,low,0.7196712,0.7830921999999999,0.74375,0.71625,0.8548888000000001,0.7731111999999999,0.8275,0.8934200000000001
JDE,curr_p_best,interm,mid,mid,low,0.7223682,0.7817105999999999,0.76125,0.7525,0.8618888000000001,0.7821108,0.88576,0.88318
JDE,degl,bin,mid,mid,low,0.720329,0.7846054,0.7775,0.7525,0.8906666,0.7857776,0.8471799999999999,0.83534
JDE,degl,interm,mid,mid,low,0.7236842,0.781579,0.7775,0.7525,0.8443332,0.7716666,0.7880199999999999,0.8154399999999999
JADE,rand/1,bin,mid,mid,low,0.7165132,0.7825658000000001,0.71125,0.74125,0.7922222,0.6524444,0.4869600000000001,0.5464
JADE,rand/1,interm,mid,mid,low,0.7183552,0.7842766,0.77625,0.7525,0.7788888,0.7164446,0.88864,0.8955799999999999
JADE,curr_p_best,bin,mid,mid,low,0.7167762,0.7826316,0.73875,0.71125,0.9637776,0.826,0.8568600000000001,0.85316
JADE,curr_p_best,interm,mid,mid,low,0.7223026,0.7826972,0.74125,0.7325,0.9422222,0.8265556000000001,0.88082,0.87144
JADE,degl,bin,mid,mid,low,0.7174998,0.7819735999999999,0.7875,0.7525,0.8958888,0.8323332,0.7623,0.81812
JADE,degl,interm,mid,mid,low,0.720855,0.7558552,0.75625,0.73875,0.7323331999999999,0.4994446,0.47594,0.48816
SHADE,rand/1,bin,mid,mid,low,0.715,0.783355,0.7375,0.745,0.8441110000000001,0.6876668,0.4798,0.76348
SHADE,rand/1,interm,mid,mid,low,0.7225656,0.784671,0.7575,0.74875,0.7764444,0.7067776,0.8905,0.89412
SHADE,curr_p_best,bin,mid,mid,low,0.7169082,0.7830262,0.74375,0.68375,0.9633334,0.8385556000000001,0.8576600000000001,0.8427600000000001
SHADE,curr_p_best,interm,mid,mid,low,0.7216446,0.7836841999999999,0.78125,0.7325,0.9451112,0.8159998,0.8769600000000001,0.8658
SHADE,degl,bin,mid,mid,low,0.7217764,0.7853289999999999,0.7675,0.73625,0.9401114,0.8450002000000001,0.73524,0.80266
SHADE,degl,interm,mid,mid,low,0.712829,0.7736184,0.77375,0.70125,0.7659998,0.4753334,0.46584,0.47616
L-SHADE,rand/1,bin,mid,mid,low,0.717237,0.7850658,0.74875,0.7375,0.858778,0.6853334,0.76386,0.81398
L-SHADE,rand/1,interm,mid,mid,low,0.7227631999999999,0.7834868,0.74625,0.7725,0.7881111999999999,0.7131112,0.8783,0.8872399999999999
L-SHADE,curr_p_best,bin,mid,mid,low,0.7174341999999999,0.7838818000000001,0.7525,0.74125,0.9556668,0.821,0.8371799999999999,0.8295799999999999
L-SHADE,curr_p_best,interm,mid,mid,low,0.7203948,0.785987,0.735,0.745,0.9433332,0.8189998000000001,0.8616,0.8591200000000001
L-SHADE,degl,bin,mid,mid,low,0.7184866,0.78625,0.77,0.765,0.9192222,0.8214446,0.72668,0.7901199999999999
L-SHADE,degl,interm,mid,mid,low,0.7102632,0.7554604,0.7625,0.64375,0.7475558000000001,0.4831112,0.46228,0.46488
JDE,rand/1,bin,mid,low,high,0.7099344,0.7834868,0.735,0.7275,0.8974443999999999,0.6263331999999999,0.8186399999999999,0.80596
JDE,rand/1,interm,mid,low,high,0.7217104,0.7838816,0.75625,0.76,0.9253334,0.7303335999999999,0.83394,0.88356
JDE,curr_p_best,bin,mid,low,high,0.719934,0.782829,0.7575,0.7625,0.912889,0.805111,0.84944,0.8196399999999999
JDE,curr_p_best,interm,mid,low,high,0.7182236,0.7809868000000001,0.74375,0.7725,0.9284446,0.8021108,0.83886,0.79328
JDE,degl,bin,mid,low,high,0.7194078,0.783684,0.74875,0.73875,0.8793334,0.7988890000000001,0.75008,0.7710199999999999
JDE,degl,interm,mid,low,high,0.7246712,0.7783551999999999,0.77875,0.795,0.8563332,0.8035554,0.70214,0.7378
JADE,rand/1,bin,mid,low,high,0.715987,0.7817764,0.73,0.73125,0.7993334,0.6304444,0.54672,0.5899
JADE,rand/1,interm,mid,low,high,0.7224341999999999,0.7873026,0.735,0.77,0.8594444,0.726889,0.8698600000000001,0.88284
JADE,curr_p_best,bin,mid,low,high,0.7167762,0.7828948,0.7525,0.74875,0.9554446,0.837889,0.79506,0.8075399999999999
JADE,curr_p_best,interm,mid,low,high,0.7157238,0.7813818,0.78125,0.76875,0.9354442,0.8454444,0.8434,0.85488
JADE,degl,bin,mid,low,high,0.7201318,0.7824342,0.78125,0.74125,0.925,0.8033332,0.68248,0.79692
JADE,degl,interm,mid,low,high,0.7173684,0.7529604,0.7875,0.72625,0.7516666,0.4557778,0.45914,0.51294
SHADE,rand/1,bin,mid,low,high,0.7173684,0.7821054000000001,0.72875,0.7175,0.8894446,0.6415554,0.5422399999999999,0.58396
SHADE,rand/1,interm,mid,low,high,0.7219734,0.7810526,0.7675,0.76625,0.8848889999999999,0.7275556,0.8662,0.8880399999999999
SHADE,curr_p_best,bin,mid,low,high,0.7219736,0.7830924,0.76375,0.72375,0.9563334,0.8220000000000001,0.7892600000000001,0.79268
SHADE,curr_p_best,interm,mid,low,high,0.719408,0.7794076,0.74625,0.79375,0.9351112,0.8295556000000001,0.8427600000000001,0.84616
SHADE,degl,bin,mid,low,high,0.712829,0.7792764,0.76375,0.78125,0.8990002,0.8207780000000001,0.6459999999999999,0.78952
SHADE,degl,interm,mid,low,high,0.7107236,0.7515132,0.7475,0.68,0.7545556,0.4356666,0.46846,0.48294
L-SHADE,rand/1,bin,mid,low,high,0.7151972,0.783684,0.7375,0.72625,0.903889,0.7063334,0.77854,0.7859999999999999
L-SHADE,rand/1,interm,mid,low,high,0.7211841999999999,0.7832236,0.7525,0.765,0.9006665999999999,0.7405556,0.8545,0.8786200000000001
L-SHADE,curr_p_best,bin,mid,low,high,0.7195391999999999,0.783092,0.76375,0.73375,0.9552222,0.8095555999999999,0.7599199999999999,0.7671
L-SHADE,curr_p_best,interm,mid,low,high,0.7194738,0.7811842,0.74875,0.7875,0.9371112,0.8223332,0.81486,0.83342
L-SHADE,degl,bin,mid,low,high,0.7234868,0.77375,0.76375,0.7275,0.9103332,0.7851111999999999,0.6524399999999999,0.78118
L-SHADE,degl,interm,mid,low,high,0.706579,0.7513816,0.73625,0.68,0.7686666,0.4884444000000001,0.4653,0.46502
JDE,rand/1,bin,mid,low,mid,0.7107238,0.784408,0.74,0.7275,0.8663335999999999,0.6288888000000001,0.8072199999999999,0.81206
JDE,rand/1,interm,mid,low,mid,0.7200658000000001,0.781316,0.7675,0.7275,0.8978889999999999,0.727111,0.83362,0.88936
JDE,curr_p_best,bin,mid,low,mid,0.7151314000000001,0.7820394,0.72875,0.75125,0.923,0.7913334,0.85464,0.8526799999999999
JDE,curr_p_best,interm,mid,low,mid,0.7192105999999999,0.7829606,0.76625,0.7525,0.8823332,0.8129998,0.8645,0.8326399999999999
JDE,degl,bin,mid,low,mid,0.7170394,0.782237,0.7675,0.74875,0.8733335999999999,0.797111,0.80928,0.80132
JDE,degl,interm,mid,low,mid,0.7216448000000001,0.781579,0.76,0.77375,0.8051111999999999,0.8092222,0.75338,0.76474
JADE,rand/1,bin,mid,low,mid,0.715592,0.7829604,0.76375,0.6925,0.8548888000000001,0.6231111999999999,0.5302,0.58518
JADE,rand/1,interm,mid,low,mid,0.7207895999999999,0.7873682,0.7425,0.75875,0.7946666,0.7217778,0.87218,0.8911
JADE,curr_p_best,bin,mid,low,mid,0.7159211999999999,0.7818421999999999,0.74875,0.72,0.9353334,0.8166666,0.8288399999999999,0.8154600000000001
JADE,curr_p_best,interm,mid,low,mid,0.7198684000000001,0.7838158000000001,0.77625,0.77125,0.938111,0.8262222,0.8634200000000001,0.8567600000000001
JADE,degl,bin,mid,low,mid,0.7155264,0.7830262,0.77,0.73,0.918111,0.8174444000000001,0.69176,0.80174
JADE,degl,interm,mid,low,mid,0.7152632,0.756842,0.7575,0.69125,0.7521111999999999,0.4996664000000001,0.48232,0.49676
SHADE,rand/1,bin,mid,low,mid,0.715658,0.7835528,0.72,0.7475,0.9027778,0.6809999999999999,0.5235,0.66778
SHADE,rand/1,interm,mid,low,mid,0.72125,0.7824342,0.74875,0.75625,0.8351111999999999,0.7382221999999999,0.8836799999999999,0.8918
SHADE,curr_p_best,bin,mid,low,mid,0.7208554,0.7841446,0.70875,0.76,0.9648886,0.817778,0.8156,0.81152
SHADE,curr_p_best,interm,mid,low,mid,0.721579,0.7832894,0.73625,0.78625,0.9427778,0.8268888000000001,0.8561200000000001,0.8505799999999999
SHADE,degl,bin,mid,low,mid,0.7184868000000001,0.775263,0.75875,0.7825,0.9384444,0.8286667999999999,0.70196,0.80382
SHADE,degl,interm,mid,low,mid,0.7080261999999999,0.7436842,0.735,0.68375,0.7601111999999999,0.436222,0.43994,0.45812
L-SHADE,rand/1,bin,mid,low,mid,0.7208551999999999,0.7852631999999999,0.74625,0.72,0.8593332,0.7030002,0.7924,0.79532
L-SHADE,rand/1,interm,mid,low,mid,0.720658,0.7852631999999999,0.77125,0.76625,0.8434444,0.7236666,0.86424,0.8782399999999999
L-SHADE,curr_p_best,bin,mid,low,mid,0.7173682,0.782829,0.73375,0.75375,0.9566666,0.8043332,0.78828,0.78878
L-SHADE,curr_p_best,interm,mid,low,mid,0.7233552,0.7817764,0.73875,0.76125,0.9375554,0.8135558,0.83724,0.8430799999999999
L-SHADE,degl,bin,mid,low,mid,0.7198024000000001,0.7804606,0.75625,0.77375,0.9363332,0.8071111999999999,0.68618,0.78832
L-SHADE,degl,interm,mid,low,mid,0.7115792,0.7398026,0.7175,0.67125,0.7432221999999999,0.4586668,0.46638,0.46806
JDE,rand/1,bin,mid,low,low,0.7141448,0.7826974,0.72375,0.735,0.8493332,0.6306666,0.78866,0.80006
JDE,rand/1,interm,mid,low,low,0.7178945999999999,0.7832894,0.7475,0.74875,0.8576668,0.7257778,0.8582,0.8990799999999999
JDE,curr_p_best,bin,mid,low,low,0.7166446,0.7851975999999999,0.7675,0.76,0.8764441999999999,0.7634444,0.85554,0.88838
JDE,curr_p_best,interm,mid,low,low,0.7190131999999999,0.7840132,0.7625,0.7525,0.9315558,0.7855554,0.8704200000000001,0.87574
JDE,degl,bin,mid,low,low,0.720329,0.7800658,0.74625,0.77125,0.8472221999999999,0.8131109999999999,0.83434,0.83806
JDE,degl,interm,mid,low,low,0.7219081999999999,0.7838158000000001,0.75375,0.755,0.8914443999999999,0.8140000000000001,0.7964399999999999,0.80796
JADE,rand/1,bin,mid,low,low,0.7144081999999999,0.7842104,0.7375,0.67875,0.8594446,0.629778,0.49484,0.5572199999999999
JADE,rand/1,interm,mid,low,low,0.7232892,0.7855922,0.76375,0.73875,0.7793332,0.7047776,0.882,0.89394
JADE,curr_p_best,bin,mid,low,low,0.7190131999999999,0.7819738,0.75,0.74125,0.9642222,0.817667,0.8605,0.84606
JADE,curr_p_best,interm,mid,low,low,0.7182236,0.7826314,0.71875,0.75,0.9054446,0.8222219999999999,0.87964,0.8693799999999999
JADE,degl,bin,mid,low,low,0.7204604,0.7817105999999999,0.78,0.77625,0.9168888,0.8428889999999999,0.74166,0.82084
JADE,degl,interm,mid,low,low,0.718092,0.7698684,0.76875,0.7125,0.7792222,0.4776666,0.47256,0.50138
SHADE,rand/1,bin,mid,low,low,0.7153948,0.7847366,0.71625,0.7275,0.8254444,0.6991111999999999,0.49538,0.6978800000000001
SHADE,rand/1,interm,mid,low,low,0.7227631999999999,0.783026,0.76625,0.73625,0.7987778,0.7081109999999999,0.8908200000000001,0.89566
SHADE,curr_p_best,bin,mid,low,low,0.7175,0.7844736,0.72375,0.74375,0.9647776,0.8213334000000001,0.85488,0.8333799999999999
SHADE,curr_p_best,interm,mid,low,low,0.721579,0.7846052,0.775,0.75625,0.9507776,0.8271111999999999,0.8738,0.861
SHADE,degl,bin,mid,low,low,0.7205262,0.7857236,0.7475,0.77875,0.9265558,0.8486665999999999,0.74968,0.80706
SHADE,degl,interm,mid,low,low,0.7042762,0.764079,0.74125,0.675,0.7492222,0.4645554,0.4643600000000001,0.46842
L-SHADE,rand/1,bin,mid,low,low,0.7180262,0.7824998000000001,0.74375,0.7475,0.8685554,0.6964446,0.79102,0.81194
L-SHADE,rand/1,interm,mid,low,low,0.7194735999999999,0.7853289999999999,0.7575,0.75875,0.8107778,0.7070000000000001,0.8795,0.8864
L-SHADE,curr_p_best,bin,mid,low,low,0.7182238000000001,0.7817764,0.765,0.74625,0.957111,0.818889,0.83286,0.8201200000000001
L-SHADE,curr_p_best,interm,mid,low,low,0.7248026,0.7834211999999999,0.7575,0.75125,0.9451112,0.8147778,0.8555200000000001,0.8606600000000001
L-SHADE,degl,bin,mid,low,low,0.7299342,0.782763,0.76875,0.7575,0.9466666,0.8083334,0.72702,0.79164
L-SHADE,degl,interm,mid,low,low,0.7124342,0.7746712,0.75125,0.70625,0.7681111999999999,0.4863334,0.4840600000000001,0.47692
JDE,rand/1,bin,high,high,high,0.7138158,0.7834868,0.7525,0.71375,0.9087778,0.6573332,0.84554,0.8381
JDE,rand/1,interm,high,high,high,0.7202634,0.782237,0.75375,0.785,0.9193332,0.7357778,0.8272,0.88712
JDE,curr_p_best,bin,high,high,high,0.7213816,0.7808552,0.78875,0.76875,0.9143334,0.7892222,0.8306399999999999,0.84216
JDE,curr_p_best,interm,high,high,high,0.721842,0.7848028,0.77875,0.78625,0.8983332,0.8185554,0.83236,0.80808
JDE,degl,bin,high,high,high,0.7213158000000001,0.7811844,0.78125,0.76625,0.8228888000000001,0.7929998,0.7529600000000001,0.78484
JDE,degl,interm,high,high,high,0.7248026,0.7816448,0.77125,0.79,0.8326665999999999,0.8037778,0.73344,0.76442
JADE,rand/1,bin,high,high,high,0.7236184,0.780987,0.8125,0.71375,0.8325556000000001,0.6197778,0.6157199999999999,0.65362
JADE,rand/1,interm,high,high,high,0.725329,0.7847368,0.76,0.7375,0.9053332,0.7467778,0.8468,0.89018
JADE,curr_p_best,bin,high,high,high,0.7364474,0.7808552,0.7825,0.76375,0.9565556,0.8182225999999999,0.8106,0.81596
JADE,curr_p_best,interm,high,high,high,0.7211185999999999,0.7765132,0.7575,0.76375,0.8571112,0.8495556000000001,0.84724,0.8648600000000001
JADE,degl,bin,high,high,high,0.7228289999999999,0.765921,0.77875,0.765,0.8783334,0.7962222,0.65794,0.8227200000000001
JADE,degl,interm,high,high,high,0.7305262,0.7407894,0.775,0.705,0.7453334,0.4016668,0.4652,0.5326
SHADE,rand/1,bin,high,high,high,0.720592,0.7821052,0.76875,0.7525,0.8711110000000001,0.6526666,0.62102,0.69576
SHADE,rand/1,interm,high,high,high,0.7180264000000001,0.7827632,0.775,0.76125,0.9301112,0.745889,0.8551200000000001,0.8912399999999999
SHADE,curr_p_best,bin,high,high,high,0.7660526,0.7821052,0.75625,0.745,0.9577778,0.8393334000000001,0.79776,0.79878
SHADE,curr_p_best,interm,high,high,high,0.7220394,0.7836184,0.81375,0.7675,0.9322224,0.8418888000000001,0.8445799999999999,0.8624799999999999
SHADE,degl,bin,high,high,high,0.7267762,0.7764474,0.78875,0.7875,0.8854443999999999,0.8306665999999999,0.6471600000000001,0.8177
SHADE,degl,interm,high,high,high,0.732829,0.7369078,0.775,0.68,0.737,0.3974444,0.45916,0.50042
L-SHADE,rand/1,bin,high,high,high,0.7282238,0.7823684000000001,0.7675,0.76375,0.9247778,0.7365554,0.8049,0.8145600000000001
L-SHADE,rand/1,interm,high,high,high,0.7235526,0.7832236,0.74125,0.7625,0.9204444,0.741,0.8476799999999999,0.8892
L-SHADE,curr_p_best,bin,high,high,high,0.764671,0.7792766,0.7725,0.76,0.9562222,0.8086668,0.77936,0.79518
L-SHADE,curr_p_best,interm,high,high,high,0.7206576,0.7803945999999999,0.7825,0.78375,0.9081108,0.8204442,0.8334600000000001,0.8547600000000001
L-SHADE,degl,bin,high,high,high,0.7223026,0.7782236,0.7875,0.7825,0.8176668,0.8005554,0.65868,0.81592
L-SHADE,degl,interm,high,high,high,0.7048024,0.743158,0.775,0.7,0.7566664000000001,0.3713332,0.4758,0.5011399999999999
JDE,rand/1,bin,high,high,mid,0.7148028000000001,0.782829,0.75375,0.7325,0.8798892,0.6662224,0.84798,0.84504
JDE,rand/1,interm,high,high,mid,0.7180262,0.7842104,0.765,0.76,0.8587778,0.7483334,0.8683799999999999,0.8973399999999999
JDE,curr_p_best,bin,high,high,mid,0.7186844,0.781842,0.7825,0.75875,0.8908889999999999,0.7984444,0.84078,0.8692200000000001
JDE,curr_p_best,interm,high,high,mid,0.7187498000000001,0.7845396,0.7525,0.76625,0.9209998,0.8274444,0.85382,0.8579600000000001
JDE,degl,bin,high,high,mid,0.7223026,0.7820396,0.77,0.76875,0.8458888000000001,0.7984446,0.78742,0.8252200000000001
JDE,degl,interm,high,high,mid,0.7211844000000001,0.7796054,0.7575,0.78,0.8077776,0.8113334,0.75616,0.8074399999999999
JADE,rand/1,bin,high,high,mid,0.7188816,0.7823686,0.77125,0.7375,0.8297778,0.6157776,0.60818,0.64764
JADE,rand/1,interm,high,high,mid,0.7223026,0.7844736,0.75625,0.76125,0.8823334,0.7568888,0.8677,0.89876
JADE,curr_p_best,bin,high,high,mid,0.7170396,0.7803948,0.75625,0.73625,0.935889,0.8491112,0.83126,0.82532
JADE,curr_p_best,interm,high,high,mid,0.7246052,0.7795394,0.7625,0.76625,0.9437778,0.8422221999999999,0.8521799999999999,0.8751399999999999
JADE,degl,bin,high,high,mid,0.7178948,0.7758554,0.735,0.75,0.8882224,0.8026666,0.70406,0.8305799999999999
JADE,degl,interm,high,high,mid,0.720329,0.7452634,0.765,0.70375,0.7374444,0.4838888,0.49278,0.52132
SHADE,rand/1,bin,high,high,mid,0.7176318,0.783421,0.73875,0.72,0.8629998,0.7166664,0.5987399999999999,0.64964
SHADE,rand/1,interm,high,high,mid,0.7228289999999999,0.7860526,0.77875,0.76625,0.8714448,0.7599998,0.8698,0.90142
SHADE,curr_p_best,bin,high,high,mid,0.7369078,0.7815131999999999,0.74875,0.7575,0.9633332,0.8438888000000001,0.8264,0.8154600000000001
SHADE,curr_p_best,interm,high,high,mid,0.7261186,0.784342,0.7825,0.7625,0.941889,0.850778,0.8506600000000001,0.86818
SHADE,degl,bin,high,high,mid,0.7181578000000001,0.776645,0.73,0.74375,0.8745554,0.8425554,0.7006600000000001,0.8243
SHADE,degl,interm,high,high,mid,0.7153948,0.7479606,0.76375,0.7075,0.8048890000000001,0.4202222,0.42898,0.49626
L-SHADE,rand/1,bin,high,high,mid,0.7170394,0.7804606,0.765,0.72375,0.9356668,0.7472222,0.8299799999999999,0.8243799999999999
L-SHADE,rand/1,interm,high,high,mid,0.7213816,0.7842762,0.79125,0.72,0.8722222,0.746,0.8613200000000001,0.8907799999999999
L-SHADE,curr_p_best,bin,high,high,mid,0.7259866,0.7809868000000001,0.74375,0.74375,0.9574446,0.8325558000000001,0.80072,0.80518
L-SHADE,curr_p_best,interm,high,high,mid,0.7244078,0.7830921999999999,0.78375,0.765,0.9396666,0.8273334000000001,0.8497600000000001,0.86444
L-SHADE,degl,bin,high,high,mid,0.72125,0.7805264000000001,0.76625,0.76875,0.8878889999999999,0.812778,0.67478,0.81614
L-SHADE,degl,interm,high,high,mid,0.7183552,0.7446052,0.76125,0.7025,0.759,0.3931112,0.4655,0.46718
JDE,rand/1,bin,high,high,low,0.7162502,0.7838158000000001,0.7525,0.73375,0.8964446,0.6685555999999999,0.84154,0.84114
JDE,rand/1,interm,high,high,low,0.7190131999999999,0.7848026,0.77125,0.765,0.923111,0.7415554,0.87792,0.8994200000000001
JDE,curr_p_best,bin,high,high,low,0.7205264,0.7823684000000001,0.77,0.74875,0.9072222,0.7656668000000001,0.8451,0.8894200000000001
JDE,curr_p_best,interm,high,high,low,0.7199342,0.7851315999999999,0.72125,0.75375,0.8783332,0.813778,0.87884,0.8820399999999999
JDE,degl,bin,high,high,low,0.7188156,0.7813158,0.76125,0.75125,0.8566666,0.8104442,0.80672,0.8462799999999999
JDE,degl,interm,high,high,low,0.7245394000000001,0.7801314,0.75125,0.7825,0.8442221999999999,0.7897778,0.7851199999999999,0.83878
JADE,rand/1,bin,high,high,low,0.7175,0.783158,0.7975,0.74375,0.8495554,0.639111,0.5817,0.64382
JADE,rand/1,interm,high,high,low,0.7214474,0.7833551999999999,0.7725,0.7425,0.8461110000000001,0.7414444,0.89444,0.90416
JADE,curr_p_best,bin,high,high,low,0.7209211999999999,0.7832894,0.78125,0.745,0.936889,0.8412219999999999,0.8623,0.85662
JADE,curr_p_best,interm,high,high,low,0.721842,0.7823682,0.77375,0.73,0.9451112,0.8368888000000001,0.8832200000000001,0.88576
JADE,degl,bin,high,high,low,0.7258554,0.7803948,0.7725,0.7675,0.8766668,0.8334444,0.70862,0.8271
JADE,degl,interm,high,high,low,0.7179606,0.7439474,0.7675,0.72875,0.7636666,0.4965556,0.4968,0.53808
SHADE,rand/1,bin,high,high,low,0.7161844,0.7813816,0.72375,0.70875,0.8413332,0.6974444000000001,0.57344,0.67802
SHADE,rand/1,interm,high,high,low,0.7224341999999999,0.7822368000000001,0.73125,0.735,0.9268888,0.7344441999999999,0.89294,0.90366
SHADE,curr_p_best,bin,high,high,low,0.7238814,0.7819735999999999,0.755,0.68875,0.9688892,0.8478888000000001,0.85406,0.8457600000000001
SHADE,curr_p_best,interm,high,high,low,0.7207894,0.7826972,0.7925,0.75375,0.949889,0.8623334,0.87866,0.8778600000000001
SHADE,degl,bin,high,high,low,0.7225,0.7821712,0.75375,0.76,0.9201112,0.8503334000000001,0.7391399999999999,0.8249200000000001
SHADE,degl,interm,high,high,low,0.7180922,0.7708552,0.7175,0.7375,0.7657778000000001,0.434889,0.4562,0.47978
L-SHADE,rand/1,bin,high,high,low,0.7155922,0.7833554,0.7875,0.7225,0.933889,0.7243331999999999,0.8415,0.8406799999999999
L-SHADE,rand/1,interm,high,high,low,0.7225658,0.7854606,0.76,0.7425,0.8576666,0.7283331999999999,0.88756,0.89992
L-SHADE,curr_p_best,bin,high,high,low,0.7218422,0.7840788000000001,0.76375,0.73,0.9618888,0.835889,0.84,0.83768
L-SHADE,curr_p_best,interm,high,high,low,0.7309211999999999,0.7817765999999999,0.7975,0.74875,0.9413334,0.839111,0.8709600000000001,0.8773799999999999
L-SHADE,degl,bin,high,high,low,0.719737,0.7805262,0.80125,0.7575,0.9163334,0.8270002000000001,0.72818,0.8203600000000001
L-SHADE,degl,interm,high,high,low,0.7149998000000001,0.7649998,0.7375,0.71875,0.7843332,0.4636664000000001,0.45392,0.4821
JDE,rand/1,bin,high,mid,high,0.7165132,0.77875,0.7675,0.7525,0.919111,0.6429998,0.8403200000000001,0.84178
JDE,rand/1,interm,high,mid,high,0.7163816,0.7828948,0.7725,0.75125,0.910889,0.7323331999999999,0.82104,0.88808
JDE,curr_p_best,bin,high,mid,high,0.720329,0.7823028000000001,0.7625,0.77125,0.9349996,0.7993336,0.81682,0.8167399999999999
JDE,curr_p_best,interm,high,mid,high,0.719342,0.781908,0.77375,0.74375,0.9146668,0.8308888000000001,0.83936,0.8032199999999999
JDE,degl,bin,high,mid,high,0.721908,0.7806578000000001,0.765,0.78125,0.8611110000000001,0.7983334,0.74724,0.78776
JDE,degl,interm,high,mid,high,0.714079,0.7754608000000001,0.7925,0.79875,0.8140000000000001,0.8090002,0.71702,0.7721
JADE,rand/1,bin,high,mid,high,0.7209868,0.7836184,0.76375,0.7225,0.8029999999999999,0.6625555999999999,0.62544,0.65354
JADE,rand/1,interm,high,mid,high,0.7213156,0.7799341999999999,0.75625,0.7775,0.9304446,0.7545554,0.85536,0.8919799999999999
JADE,curr_p_best,bin,high,mid,high,0.7150658000000001,0.7838816,0.755,0.735,0.9605556,0.8515554,0.8031,0.8258200000000001
JADE,curr_p_best,interm,high,mid,high,0.7217762,0.78375,0.78375,0.76625,0.9082222,0.8461110000000001,0.8515,0.86498
JADE,degl,bin,high,mid,high,0.7227631999999999,0.7740130000000001,0.77125,0.765,0.8989997999999999,0.8147776,0.69038,0.82936
JADE,degl,interm,high,mid,high,0.7156578,0.73875,0.77,0.7025,0.7284444,0.403778,0.48538,0.51662
SHADE,rand/1,bin,high,mid,high,0.7255921999999999,0.7825658000000001,0.7625,0.74625,0.8654444,0.6907778,0.63274,0.72132
SHADE,rand/1,interm,high,mid,high,0.7234868,0.7823684000000001,0.74375,0.7625,0.9285556,0.749889,0.84954,0.8925
SHADE,curr_p_best,bin,high,mid,high,0.7517106,0.781974,0.76,0.75,0.9571114,0.8342219999999999,0.79,0.81488
SHADE,curr_p_best,interm,high,mid,high,0.723092,0.7764472,0.78,0.77875,0.9302222,0.8435556000000001,0.8467399999999999,0.8618399999999999
SHADE,degl,bin,high,mid,high,0.7201974,0.7740132,0.74125,0.79,0.8845554,0.8270000000000001,0.68502,0.8196200000000001
SHADE,degl,interm,high,mid,high,0.7186186,0.7567764,0.77125,0.68375,0.779,0.399222,0.47462,0.48716
L-SHADE,rand/1,bin,high,mid,high,0.7344736,0.7814472,0.72375,0.76625,0.9297778,0.7194444000000001,0.80242,0.8199799999999999
L-SHADE,rand/1,interm,high,mid,high,0.7232892,0.7801315999999999,0.725,0.77125,0.9058888,0.7490000000000001,0.8288200000000001,0.8917799999999999
L-SHADE,curr_p_best,bin,high,mid,high,0.7543422,0.7794736,0.7825,0.73875,0.9477778,0.8279998,0.78708,0.80324
L-SHADE,curr_p_best,interm,high,mid,high,0.7216448000000001,0.7838158000000001,0.7825,0.76,0.932778,0.8232222,0.82752,0.8564200000000001
L-SHADE,degl,bin,high,mid,high,0.7210524,0.7745394,0.7725,0.775,0.8640000000000001,0.8092224,0.6463399999999999,0.8164399999999999
L-SHADE,degl,interm,high,mid,high,0.7174341999999999,0.7414474,0.72625,0.6875,0.725111,0.4158888,0.46102,0.4983800000000001
JDE,rand/1,bin,high,mid,mid,0.7180264000000001,0.7851974,0.765,0.695,0.9053334,0.6533336,0.8457600000000001,0.84336
JDE,rand/1,interm,high,mid,mid,0.7195396,0.7842106,0.7775,0.76125,0.8971110000000001,0.7595556,0.8342,0.8936799999999999
JDE,curr_p_best,bin,high,mid,mid,0.7196054000000001,0.7838156,0.75375,0.755,0.9345556,0.793111,0.828,0.8519399999999999
JDE,curr_p_best,interm,high,mid,mid,0.721513,0.7823028000000001,0.76375,0.75375,0.8785556000000001,0.8193334000000001,0.8595799999999999,0.83024
JDE,degl,bin,high,mid,mid,0.7198024000000001,0.7811842,0.77375,0.77,0.825111,0.7944446,0.7988,0.80578
JDE,degl,interm,high,mid,mid,0.7213816,0.7814474,0.74875,0.79,0.8212222,0.8103332,0.76882,0.7863600000000001
JADE,rand/1,bin,high,mid,mid,0.7199342,0.7826974,0.7425,0.70375,0.7859999999999999,0.6351111999999999,0.6161800000000001,0.65098
JADE,rand/1,interm,high,mid,mid,0.722105,0.7827632,0.72375,0.76,0.8815554,0.758889,0.8675200000000001,0.9005799999999999
JADE,curr_p_best,bin,high,mid,mid,0.7367104,0.7828948,0.7425,0.73125,0.9341112,0.8511112,0.82952,0.8319799999999999
JADE,curr_p_best,interm,high,mid,mid,0.7236842,0.7821054000000001,0.74,0.75125,0.9417776,0.8484441999999999,0.85372,0.8754
JADE,degl,bin,high,mid,mid,0.7201316,0.7775,0.78125,0.7725,0.9032222,0.815778,0.71812,0.8297200000000001
JADE,degl,interm,high,mid,mid,0.720592,0.7703948,0.77875,0.75,0.8162222,0.4437778,0.45088,0.535
SHADE,rand/1,bin,high,mid,mid,0.7183552,0.7830921999999999,0.76125,0.725,0.8563332,0.6748888000000001,0.60824,0.64996
SHADE,rand/1,interm,high,mid,mid,0.724605,0.7827632,0.76125,0.7575,0.8165555999999999,0.7556668000000001,0.8580200000000001,0.8987
SHADE,curr_p_best,bin,high,mid,mid,0.7557894000000001,0.784934,0.755,0.755,0.9622224,0.8434444,0.8221,0.8195
SHADE,curr_p_best,interm,high,mid,mid,0.7220392,0.7808552,0.765,0.77,0.9409998,0.8481112,0.86362,0.87236
SHADE,degl,bin,high,mid,mid,0.7193424,0.7779606,0.74625,0.7575,0.8743332,0.8334444,0.71332,0.82406
SHADE,degl,interm,high,mid,mid,0.7113818000000001,0.7489475999999999,0.73625,0.7275,0.7584446,0.4364446,0.4517600000000001,0.48272
L-SHADE,rand/1,bin,high,mid,mid,0.722763,0.7830921999999999,0.75,0.7325,0.945889,0.7464441999999999,0.8220799999999999,0.83068
L-SHADE,rand/1,interm,high,mid,mid,0.7216448000000001,0.7841448000000001,0.75625,0.73375,0.8795556000000001,0.768,0.8607,0.89718
L-SHADE,curr_p_best,bin,high,mid,mid,0.7346054,0.783421,0.77625,0.7725,0.9505554,0.8181114,0.80924,0.8123199999999999
L-SHADE,curr_p_best,interm,high,mid,mid,0.7242105999999999,0.782829,0.74375,0.7725,0.9194444,0.8452221999999999,0.8485799999999999,0.8622200000000001
L-SHADE,degl,bin,high,mid,mid,0.7249342,0.7790788000000001,0.745,0.755,0.9373334,0.8244444,0.68826,0.8154399999999999
L-SHADE,degl,interm,high,mid,mid,0.7184212,0.750987,0.76625,0.685,0.7586666,0.4262220000000001,0.4776,0.51546
JDE,rand/1,bin,high,mid,low,0.7171054,0.7833551999999999,0.7475,0.73875,0.8842222,0.6422222,0.8461,0.83868
JDE,rand/1,interm,high,mid,low,0.7204606,0.7823682,0.7575,0.7275,0.8644446,0.736111,0.85564,0.8985200000000001
JDE,curr_p_best,bin,high,mid,low,0.7197368000000001,0.7826318,0.74125,0.73375,0.8902222,0.7996666,0.82586,0.8868
JDE,curr_p_best,interm,high,mid,low,0.720263,0.7848684,0.755,0.77,0.9244442,0.8253332,0.88718,0.87272
JDE,degl,bin,high,mid,low,0.7217764,0.783684,0.785,0.78625,0.9267778,0.8134444000000001,0.7963,0.84906
JDE,degl,interm,high,mid,low,0.725263,0.7823026,0.74375,0.77875,0.8721110000000001,0.8053332,0.79584,0.82526
JADE,rand/1,bin,high,mid,low,0.7157894,0.7838158000000001,0.7675,0.74125,0.8501112,0.6302226,0.58562,0.64194
JADE,rand/1,interm,high,mid,low,0.723421,0.7841448000000001,0.7575,0.75875,0.8348888000000001,0.7493334,0.85396,0.90188
JADE,curr_p_best,bin,high,mid,low,0.7163158000000001,0.7844078,0.7725,0.745,0.9143334,0.8463334000000001,0.8588600000000001,0.8605200000000001
JADE,curr_p_best,interm,high,mid,low,0.7323684,0.7853289999999999,0.75625,0.75,0.9253332,0.8450002000000001,0.8695200000000001,0.8841
JADE,degl,bin,high,mid,low,0.7236844,0.7780262,0.7825,0.73,0.8883332,0.8494444,0.74392,0.83362
JADE,degl,interm,high,mid,low,0.708816,0.740592,0.76375,0.72625,0.7966666,0.4677778,0.45518,0.5141399999999999
SHADE,rand/1,bin,high,mid,low,0.7211184,0.7825658000000001,0.7525,0.73125,0.919,0.641889,0.57344,0.7158399999999999
SHADE,rand/1,interm,high,mid,low,0.7225658,0.7826976,0.74625,0.73125,0.8404444,0.7534446,0.8931600000000001,0.90302
SHADE,curr_p_best,bin,high,mid,low,0.7202632,0.7834868,0.76,0.7325,0.9483332,0.8574444,0.85654,0.8541
SHADE,curr_p_best,interm,high,mid,low,0.7307894,0.7839472,0.77,0.75625,0.945111,0.8618888000000001,0.8786799999999999,0.87866
SHADE,degl,bin,high,mid,low,0.7227634000000001,0.7823682,0.78625,0.75,0.9444442,0.8466667999999999,0.7560399999999999,0.8271200000000001
SHADE,degl,interm,high,mid,low,0.7198024000000001,0.7545396,0.75625,0.73,0.7545558000000001,0.4714444,0.48156,0.5018199999999999
L-SHADE,rand/1,bin,high,mid,low,0.7181578000000001,0.782237,0.71875,0.75125,0.923889,0.7367779999999999,0.83562,0.83824
L-SHADE,rand/1,interm,high,mid,low,0.7200658000000001,0.7848684,0.75875,0.76,0.8544444,0.7406666000000001,0.8858600000000001,0.89992
L-SHADE,curr_p_best,bin,high,mid,low,0.7194076,0.783158,0.75375,0.75375,0.968,0.8353332,0.8382,0.8425799999999999
L-SHADE,curr_p_best,interm,high,mid,low,0.7220392,0.7831578,0.75,0.7575,0.9412222,0.8366667999999999,0.8727,0.8709399999999999
L-SHADE,degl,bin,high,mid,low,0.7233552,0.7828288,0.77,0.76,0.9207778,0.8277778,0.7486,0.8193
L-SHADE,degl,interm,high,mid,low,0.708092,0.77,0.7725,0.76,0.748889,0.4472222,0.4905,0.48966
JDE,rand/1,bin,high,low,high,0.7222368,0.7825658000000001,0.7725,0.75,0.9197776,0.653778,0.84564,0.8459
JDE,rand/1,interm,high,low,high,0.7213814000000001,0.784737,0.745,0.73875,0.9057776,0.7484441999999999,0.7993,0.8876200000000001
JDE,curr_p_best,bin,high,low,high,0.7228289999999999,0.783421,0.765,0.75625,0.9055554,0.8008888000000001,0.81916,0.81642
JDE,curr_p_best,interm,high,low,high,0.7197368000000001,0.7834211999999999,0.75125,0.76125,0.8926668,0.8442221999999999,0.8204799999999999,0.8004600000000001
JDE,degl,bin,high,low,high,0.7232238000000001,0.7822368000000001,0.74625,0.7825,0.890667,0.8175554,0.76454,0.7831199999999999
JDE,degl,interm,high,low,high,0.7179606,0.781579,0.74125,0.7875,0.8418889999999999,0.823111,0.71692,0.77784
JADE,rand/1,bin,high,low,high,0.7115788000000001,0.7811842,0.73125,0.7625,0.8381108,0.646889,0.61744,0.65978
JADE,rand/1,interm,high,low,high,0.7211184,0.7817761999999999,0.75625,0.76625,0.9312224,0.75,0.8554200000000001,0.89064
JADE,curr_p_best,bin,high,low,high,0.7228945999999999,0.7823684000000001,0.7525,0.73875,0.9305552,0.850333,0.80152,0.83136
JADE,curr_p_best,interm,high,low,high,0.7188158,0.77875,0.76875,0.77125,0.935,0.8502221999999999,0.84962,0.8628
JADE,degl,bin,high,low,high,0.7196712,0.771579,0.7375,0.78375,0.8636668,0.8254446,0.68008,0.82014
JADE,degl,interm,high,low,high,0.7211184,0.7423028,0.78125,0.68,0.7682220000000001,0.4834444000000001,0.47158,0.52984
SHADE,rand/1,bin,high,low,high,0.7211184,0.7823684000000001,0.735,0.7025,0.8877776,0.6953334,0.62364,0.6988
SHADE,rand/1,interm,high,low,high,0.7207892,0.7826972,0.755,0.785,0.9078888,0.7424446,0.8498,0.89376
SHADE,curr_p_best,bin,high,low,high,0.7580262,0.7832234,0.7425,0.765,0.9567776,0.8428889999999999,0.79548,0.81496
SHADE,curr_p_best,interm,high,low,high,0.726842,0.7797368,0.7625,0.76625,0.9403334,0.8442221999999999,0.8421200000000001,0.8613799999999999
SHADE,degl,bin,high,low,high,0.7278948000000001,0.7724342,0.74875,0.78125,0.8942222,0.824667,0.67892,0.8216
SHADE,degl,interm,high,low,high,0.7189476,0.7466448,0.76875,0.6925,0.7509999999999999,0.4364446,0.4303,0.48972
L-SHADE,rand/1,bin,high,low,high,0.7232236,0.7828948,0.7425,0.73875,0.919,0.7532222,0.80838,0.8259799999999999
L-SHADE,rand/1,interm,high,low,high,0.7293424,0.7793422,0.76,0.77375,0.9252222,0.7495554,0.8492200000000001,0.88964
L-SHADE,curr_p_best,bin,high,low,high,0.7555261999999999,0.7826316,0.74875,0.75625,0.9540002,0.8312224,0.7846,0.80476
L-SHADE,curr_p_best,interm,high,low,high,0.7241446,0.7839474,0.775,0.77625,0.934111,0.8352224,0.8334600000000001,0.8578600000000001
L-SHADE,degl,bin,high,low,high,0.7245391999999999,0.777829,0.77625,0.775,0.8821111999999999,0.8165555999999999,0.65112,0.81748
L-SHADE,degl,interm,high,low,high,0.7272368,0.7451974,0.77375,0.66625,0.7612222,0.460111,0.46806,0.5060399999999999
JDE,rand/1,bin,high,low,mid,0.7164472,0.7814474,0.77125,0.7325,0.9126666,0.6404444,0.85282,0.8453799999999999
JDE,rand/1,interm,high,low,mid,0.7222368,0.7840128000000001,0.745,0.75125,0.9020002,0.7444446,0.8461200000000001,0.8959600000000001
JDE,curr_p_best,bin,high,low,mid,0.7197368000000001,0.7815131999999999,0.74875,0.76375,0.9297778,0.8033332,0.8624,0.8530399999999999
JDE,curr_p_best,interm,high,low,mid,0.7209211999999999,0.7849341999999999,0.74125,0.7775,0.8749998,0.8344444,0.8603799999999999,0.81802
JDE,degl,bin,high,low,mid,0.7212502,0.784079,0.78375,0.78,0.907222,0.8276665999999999,0.7987,0.80878
JDE,degl,interm,high,low,mid,0.725592,0.7810526,0.76,0.76625,0.8454446,0.8114442,0.77048,0.78586
JADE,rand/1,bin,high,low,mid,0.7214474,0.7834211999999999,0.7675,0.73625,0.8087778,0.6406668000000001,0.6097600000000001,0.6453
JADE,rand/1,interm,high,low,mid,0.7196052,0.7825658000000001,0.74875,0.7775,0.8451110000000001,0.747889,0.8804200000000001,0.8997799999999999
JADE,curr_p_best,bin,high,low,mid,0.7211841999999999,0.7823026,0.7625,0.73625,0.9106664,0.8423332,0.8283,0.8398
JADE,curr_p_best,interm,high,low,mid,0.7234868,0.781579,0.77375,0.75625,0.9143334,0.851,0.8644200000000001,0.8749600000000001
JADE,degl,bin,high,low,mid,0.7253288,0.7763814,0.75,0.76375,0.8792222,0.8223334000000001,0.7166,0.82844
JADE,degl,interm,high,low,mid,0.7191448,0.7708552,0.77,0.68125,0.7826668000000001,0.4547776,0.49572,0.527
SHADE,rand/1,bin,high,low,mid,0.7251974,0.7832238,0.74375,0.75125,0.8622219999999999,0.6616668000000001,0.60798,0.6518
SHADE,rand/1,interm,high,low,mid,0.7233554,0.7830264,0.74125,0.73875,0.9244446,0.7497778,0.8716,0.8992600000000001
SHADE,curr_p_best,bin,high,low,mid,0.7311184000000001,0.7824344,0.74125,0.7575,0.9662222,0.8415556000000001,0.8262799999999999,0.8269200000000001
SHADE,curr_p_best,interm,high,low,mid,0.7337498,0.7817105999999999,0.7625,0.76625,0.9138888,0.8506668,0.86246,0.8681
SHADE,degl,bin,high,low,mid,0.7219736,0.7807236,0.7575,0.77,0.8897778000000001,0.8410002000000001,0.72202,0.8200200000000001
SHADE,degl,interm,high,low,mid,0.7169736,0.755,0.7475,0.72375,0.746889,0.4705556,0.468,0.48992
L-SHADE,rand/1,bin,high,low,mid,0.7233552,0.784342,0.76,0.71875,0.9070002,0.7507778,0.82634,0.82844
L-SHADE,rand/1,interm,high,low,mid,0.7255264,0.782171,0.7475,0.73875,0.9237776,0.7457778,0.8523200000000001,0.89538
L-SHADE,curr_p_best,bin,high,low,mid,0.741842,0.7817764,0.75875,0.74625,0.9626666,0.8515556000000001,0.8012,0.81274
L-SHADE,curr_p_best,interm,high,low,mid,0.7209868,0.7824344,0.74,0.7775,0.9364444,0.836889,0.8355799999999999,0.86782
L-SHADE,degl,bin,high,low,mid,0.7175658,0.7767761999999999,0.73875,0.79,0.8874443999999999,0.8231111999999999,0.68384,0.8177
L-SHADE,degl,interm,high,low,mid,0.7191446,0.7550001999999999,0.78875,0.69125,0.7400002,0.4592222,0.50098,0.5132800000000001
JDE,rand/1,bin,high,low,low,0.7188816,0.7832895999999999,0.7425,0.71875,0.8864443999999999,0.6464444,0.84552,0.8436600000000001
JDE,rand/1,interm,high,low,low,0.7213816,0.7841448000000001,0.7675,0.75125,0.8850002,0.7388888000000001,0.8746,0.90122
JDE,curr_p_best,bin,high,low,low,0.718158,0.7842764,0.76625,0.7475,0.911,0.7878892,0.83754,0.8855200000000001
JDE,curr_p_best,interm,high,low,low,0.720987,0.7854606,0.7475,0.755,0.8974443999999999,0.8206667999999999,0.8814,0.8756799999999999
JDE,degl,bin,high,low,low,0.7225659999999999,0.781579,0.76125,0.76625,0.8995554,0.7982224,0.8469399999999999,0.84398
JDE,degl,interm,high,low,low,0.7207238,0.78375,0.76125,0.775,0.8138888000000001,0.8204446,0.78676,0.82134
JADE,rand/1,bin,high,low,low,0.7190788,0.7824342,0.75875,0.7475,0.8085555999999999,0.6698888000000001,0.58558,0.63642
JADE,rand/1,interm,high,low,low,0.7213814000000001,0.7836184,0.78125,0.72,0.8367778,0.739889,0.8938200000000001,0.90348
JADE,curr_p_best,bin,high,low,low,0.7207895999999999,0.7840788000000001,0.76125,0.715,0.909889,0.8496665999999999,0.86124,0.8579200000000001
JADE,curr_p_best,interm,high,low,low,0.7240131999999999,0.7817105999999999,0.77875,0.7225,0.9398888,0.8503332,0.86898,0.8810600000000001
JADE,degl,bin,high,low,low,0.7225,0.7828946,0.775,0.77625,0.9287776,0.8446665999999999,0.75034,0.83026
JADE,degl,interm,high,low,low,0.7144081999999999,0.7670395999999999,0.76625,0.73125,0.7617778000000001,0.5257776,0.51888,0.5233399999999999
SHADE,rand/1,bin,high,low,low,0.720263,0.7820396,0.74125,0.74875,0.8577776,0.6986666,0.5757399999999999,0.72618
SHADE,rand/1,interm,high,low,low,0.7224341999999999,0.7836184,0.7725,0.74875,0.8536665999999999,0.7502222,0.88756,0.90252
SHADE,curr_p_best,bin,high,low,low,0.7203948,0.7826314,0.75625,0.74375,0.9658888,0.8573335999999999,0.85152,0.8529
SHADE,curr_p_best,interm,high,low,low,0.7228945999999999,0.7846052,0.75375,0.7625,0.947111,0.8507778,0.8768600000000001,0.8763
SHADE,degl,bin,high,low,low,0.7198684000000001,0.7836184,0.75125,0.765,0.947,0.8515556000000001,0.7205199999999999,0.8205
SHADE,degl,interm,high,low,low,0.716579,0.7411184000000001,0.75125,0.7175,0.7537778,0.4589998,0.4835600000000001,0.4874600000000001
L-SHADE,rand/1,bin,high,low,low,0.7196054000000001,0.7828288,0.74,0.74,0.9227778,0.7234446,0.8307200000000001,0.8463200000000001
L-SHADE,rand/1,interm,high,low,low,0.7224344,0.7833554,0.74375,0.755,0.8576666,0.7414446,0.8879799999999999,0.8990600000000001
L-SHADE,curr_p_best,bin,high,low,low,0.7217762,0.7827632,0.75,0.755,0.9661112,0.8594444,0.8381200000000001,0.84336
L-SHADE,curr_p_best,interm,high,low,low,0.7209866,0.7828948,0.77125,0.74375,0.943778,0.8505554,0.8683,0.8740600000000001
L-SHADE,degl,bin,high,low,low,0.7237498,0.7782236,0.7625,0.72625,0.8851114,0.8348888000000001,0.72988,0.81912
L-SHADE,degl,interm,high,low,low,0.7153946,0.7692104000000001,0.76375,0.7225,0.7446668000000001,0.463,0.45766,0.49636
MAB-SHADE,None,bin,low,high,high,0.714145,0.7794956670000001,0.747916667,0.752083333,0.942407333,0.770925667,0.7725333329999999,0.7619
MAB-SHADE,None,interm,low,high,high,0.7183113329999999,0.780592,0.716666667,0.760416667,0.8738889999999999,0.737592667,0.8468,0.8406
SAMDE,None,bin,low,high,high,0.721710333,0.781798333,0.75625,0.7666666670000001,0.918333333,0.766481667,0.6529666670000001,0.688766667
SAMDE,None,interm,low,high,high,0.7108553329999999,0.768640333,0.7375,0.7125,0.749444333,0.44074066700000003,0.3437,0.3949
MAB-SHADE,None,bin,low,high,mid,0.717105333,0.7816890000000001,0.7666666670000001,0.6875,0.9455553329999999,0.795555667,0.774,0.7565666670000001
MAB-SHADE,None,interm,low,high,mid,0.710965,0.775658,0.745833333,0.75,0.8511110000000001,0.526296333,0.8371333329999999,0.849333333
SAMDE,None,bin,low,high,mid,0.7172149999999999,0.783223667,0.747916667,0.7666666670000001,0.8842593329999999,0.725,0.681766667,0.7077
SAMDE,None,interm,low,high,mid,0.717105333,0.752632,0.722916667,0.75625,0.765926,0.469999667,0.418833333,0.4895
MAB-SHADE,None,bin,low,high,low,0.715350667,0.782895,0.7625,0.7625,0.951111333,0.827407333,0.7809999999999999,0.760733333
MAB-SHADE,None,interm,low,high,low,0.719846667,0.783224,0.74375,0.752083333,0.8707406670000001,0.5244443329999999,0.831466667,0.8187
SAMDE,None,bin,low,high,low,0.7179823329999999,0.783443,0.739583333,0.745833333,0.8716666670000001,0.7253706670000001,0.750033333,0.730866667
SAMDE,None,interm,low,high,low,0.715241,0.7476976670000001,0.7645833329999999,0.720833333,0.711852,0.536296333,0.45146666700000004,0.490233333
MAB-SHADE,None,bin,low,mid,high,0.7169956670000001,0.7831140000000001,0.747916667,0.76875,0.930741,0.8053703329999999,0.7532,0.7374666670000001
MAB-SHADE,None,interm,low,mid,high,0.7155699999999999,0.778508667,0.745833333,0.779166667,0.8990739999999999,0.6068520000000001,0.817766667,0.8332
SAMDE,None,bin,low,mid,high,0.7375,0.7816886670000001,0.752083333,0.7979166670000001,0.893888667,0.745555667,0.6576,0.688533333
SAMDE,None,interm,low,mid,high,0.717105333,0.7679826670000001,0.752083333,0.6708333329999999,0.7848149999999999,0.498889,0.3943,0.4765
MAB-SHADE,None,bin,low,mid,mid,0.7142546670000001,0.782785333,0.754166667,0.7354166670000001,0.951851667,0.8107409999999999,0.736733333,0.759466667
MAB-SHADE,None,interm,low,mid,mid,0.719627,0.783443,0.7583333329999999,0.7104166670000001,0.92,0.556667,0.8275,0.837566667
SAMDE,None,bin,low,mid,mid,0.7179823329999999,0.781030667,0.722916667,0.754166667,0.885370333,0.716852,0.697866667,0.7203666670000001
SAMDE,None,interm,low,mid,mid,0.710635667,0.763267667,0.770833333,0.7104166670000001,0.722222,0.47981466700000003,0.441333333,0.47216666700000004
MAB-SHADE,None,bin,low,mid,low,0.7169956670000001,0.7808113329999999,0.754166667,0.7354166670000001,0.958148,0.812778,0.7725,0.776066667
MAB-SHADE,None,interm,low,mid,low,0.7169956670000001,0.7781796670000001,0.7583333329999999,0.7104166670000001,0.777962667,0.45037033299999996,0.850733333,0.6566
SAMDE,None,bin,low,mid,low,0.716885667,0.779057,0.722916667,0.754166667,0.8679629999999999,0.711666667,0.753066667,0.731666667
SAMDE,None,interm,low,mid,low,0.712280667,0.764803,0.770833333,0.7104166670000001,0.740370667,0.510370333,0.4629,0.4867
MAB-SHADE,None,bin,low,low,high,0.719408,0.7833336670000001,0.745833333,0.7666666670000001,0.936296667,0.816666667,0.704633333,0.733433333
MAB-SHADE,None,interm,low,low,high,0.7260966670000001,0.777412333,0.73125,0.683333333,0.867407333,0.542222333,0.7847,0.830633333
SAMDE,None,bin,low,low,high,0.707237,0.780263,0.7645833329999999,0.7666666670000001,0.8831479999999999,0.731481333,0.6719666670000001,0.6963
SAMDE,None,interm,low,low,high,0.708443,0.7644736670000001,0.7625,0.6791666670000001,0.723518667,0.4866666670000001,0.4186666670000001,0.460633333
MAB-SHADE,None,bin,low,low,mid,0.720723667,0.778728,0.745833333,0.7666666670000001,0.9498146670000001,0.781852,0.7314666670000001,0.750866667
MAB-SHADE,None,interm,low,low,mid,0.719407667,0.776316,0.73125,0.683333333,0.868888667,0.5094443329999999,0.808233333,0.6337
SAMDE,None,bin,low,low,mid,0.708333667,0.779495333,0.7645833329999999,0.7666666670000001,0.882777667,0.701666667,0.7070000000000001,0.716333333
SAMDE,None,interm,low,low,mid,0.695066,0.766118667,0.7625,0.6791666670000001,0.7368520000000001,0.5094443329999999,0.41953333299999995,0.469466667
MAB-SHADE,None,bin,low,low,low,0.717873,0.7808113329999999,0.745833333,0.7666666670000001,0.957778,0.828703667,0.756066667,0.761233333
MAB-SHADE,None,interm,low,low,low,0.7270833329999999,0.779057,0.73125,0.683333333,0.875926,0.44277766700000004,0.793466667,0.605166667
SAMDE,None,bin,low,low,low,0.725219333,0.780482667,0.7645833329999999,0.7666666670000001,0.8681479999999999,0.687037,0.723833333,0.724933333
SAMDE,None,interm,low,low,low,0.711952,0.767324667,0.7625,0.6791666670000001,0.738518667,0.495555333,0.4879,0.450166667
MAB-SHADE,None,bin,mid,high,high,0.7151316670000001,0.780373,0.7354166670000001,0.770833333,0.952963,0.804074,0.815233333,0.782366667
MAB-SHADE,None,interm,mid,high,high,0.721601,0.783333333,0.770833333,0.7666666670000001,0.8835183329999999,0.787963,0.860166667,0.8639
SAMDE,None,bin,mid,high,high,0.7452850000000001,0.7781796670000001,0.752083333,0.791666667,0.935926,0.788333333,0.694366667,0.737166667
SAMDE,None,interm,mid,high,high,0.728289333,0.765131667,0.7645833329999999,0.7041666670000001,0.760555667,0.4888886670000001,0.3903666670000001,0.543766667
MAB-SHADE,None,bin,mid,high,mid,0.721052667,0.783662333,0.76875,0.7875,0.947963333,0.81,0.809233333,0.800166667
MAB-SHADE,None,interm,mid,high,mid,0.7260966670000001,0.783662,0.747916667,0.775,0.881481333,0.752407333,0.8635,0.864066667
SAMDE,None,bin,mid,high,mid,0.734320333,0.781579,0.760416667,0.78125,0.890370333,0.7798149999999999,0.7245,0.7367
SAMDE,None,interm,mid,high,mid,0.712171,0.7618423329999999,0.745833333,0.7270833329999999,0.776481667,0.48703666700000003,0.40783333299999996,0.542166667
MAB-SHADE,None,bin,mid,high,low,0.7282896670000001,0.784101,0.754166667,0.739583333,0.948333333,0.835740667,0.7927333329999999,0.808333333
MAB-SHADE,None,interm,mid,high,low,0.721381333,0.7825656670000001,0.754166667,0.714583333,0.83,0.6007406670000001,0.837433333,0.8740000000000001
SAMDE,None,bin,mid,high,low,0.72182,0.783552667,0.7645833329999999,0.754166667,0.9177776670000001,0.750926,0.751066667,0.7654
SAMDE,None,interm,mid,high,low,0.719846667,0.762609667,0.739583333,0.720833333,0.755185,0.49796333299999995,0.47566666700000004,0.532833333
MAB-SHADE,None,bin,mid,mid,high,0.712390333,0.780044,0.725,0.75,0.952778,0.830370333,0.789033333,0.7785333329999999
MAB-SHADE,None,interm,mid,mid,high,0.714254333,0.781469,0.747916667,0.785416667,0.8538889999999999,0.7416666670000001,0.846166667,0.852033333
SAMDE,None,bin,mid,mid,high,0.7157893329999999,0.775987,0.785416667,0.725,0.929074,0.799444333,0.695133333,0.743866667
SAMDE,None,interm,mid,mid,high,0.725219333,0.756469333,0.75,0.720833333,0.794074,0.5068516670000001,0.397,0.540266667
MAB-SHADE,None,bin,mid,mid,mid,0.716776333,0.783224,0.777083333,0.74375,0.954999667,0.8405556670000001,0.7848666670000001,0.7877333329999999
MAB-SHADE,None,interm,mid,mid,mid,0.720614333,0.7846489999999999,0.745833333,0.7625,0.837778,0.637037,0.8231666670000001,0.8625666670000001
SAMDE,None,bin,mid,mid,mid,0.717214667,0.782894667,0.8,0.770833333,0.928518333,0.774999667,0.7262333329999999,0.7579
SAMDE,None,interm,mid,mid,mid,0.7172149999999999,0.756579,0.75625,0.65625,0.7518520000000001,0.507592667,0.4312666670000001,0.5185
MAB-SHADE,None,bin,mid,mid,low,0.7205043329999999,0.783991333,0.7895833329999999,0.7666666670000001,0.961111333,0.847777667,0.792766667,0.802133333
MAB-SHADE,None,interm,mid,mid,low,0.720395,0.782346333,0.716666667,0.7354166670000001,0.8625923329999999,0.5340739999999999,0.834633333,0.8492333329999999
SAMDE,None,bin,mid,mid,low,0.721491333,0.780811667,0.783333333,0.760416667,0.905555667,0.763518667,0.7576666670000001,0.7789666670000001
SAMDE,None,interm,mid,mid,low,0.713157667,0.774342,0.7375,0.74375,0.797963,0.5275926670000001,0.4677,0.5231
MAB-SHADE,None,bin,mid,low,high,0.7608550000000001,0.778618667,0.785416667,0.779166667,0.947222,0.838333,0.7677,0.7726
MAB-SHADE,None,interm,mid,low,high,0.7201753329999999,0.7793859999999999,0.760416667,0.6875,0.799259333,0.6803703329999999,0.812666667,0.8553
SAMDE,None,bin,mid,low,high,0.718201667,0.780043667,0.760416667,0.78125,0.906296,0.804444333,0.7072,0.745166667
SAMDE,None,interm,mid,low,high,0.715022,0.747587667,0.7666666670000001,0.697916667,0.743518667,0.533703667,0.3998,0.5145
MAB-SHADE,None,bin,mid,low,mid,0.719627,0.783333333,0.75625,0.754166667,0.949259333,0.836666667,0.746166667,0.782833333
MAB-SHADE,None,interm,mid,low,mid,0.717873,0.7813593329999999,0.75625,0.7645833329999999,0.833333333,0.5527776670000001,0.788566667,0.8694
SAMDE,None,bin,mid,low,mid,0.736842333,0.779605333,0.754166667,0.7333333329999999,0.931481667,0.766481333,0.729533333,0.737733333
SAMDE,None,interm,mid,low,mid,0.721929667,0.767653667,0.779166667,0.697916667,0.755555333,0.478518667,0.45883333299999995,0.5163
MAB-SHADE,None,bin,mid,low,low,0.7266446670000001,0.7826753329999999,0.7645833329999999,0.725,0.959074333,0.852777667,0.7855,0.792766667
MAB-SHADE,None,interm,mid,low,low,0.717544,0.780811667,0.79375,0.785416667,0.788703667,0.5140743329999999,0.8281666670000001,0.685333333
SAMDE,None,bin,mid,low,low,0.7240133329999999,0.780921,0.8,0.754166667,0.907407333,0.744815,0.7712,0.7657666670000001
SAMDE,None,interm,mid,low,low,0.718202,0.772807,0.7729166670000001,0.66875,0.845,0.5244443329999999,0.5073,0.521033333
MAB-SHADE,None,bin,high,high,high,0.740241333,0.777741,0.7375,0.770833333,0.9444446670000001,0.799814667,0.816666667,0.8226
MAB-SHADE,None,interm,high,high,high,0.721929667,0.780921333,0.783333333,0.783333333,0.909814667,0.8379629999999999,0.8583333329999999,0.874366667
SAMDE,None,bin,high,high,high,0.725767333,0.772587667,0.7583333329999999,0.779166667,0.914074,0.815,0.7427,0.7816333329999999
SAMDE,None,interm,high,high,high,0.71886,0.752741333,0.779166667,0.722916667,0.761296333,0.465926,0.4379,0.578333333
MAB-SHADE,None,bin,high,high,mid,0.720614333,0.778947333,0.8041666670000001,0.7666666670000001,0.955370333,0.829074,0.825533333,0.8300333329999999
MAB-SHADE,None,interm,high,high,mid,0.723026333,0.7799343329999999,0.76875,0.7729166670000001,0.8553700000000001,0.819815,0.8693,0.8734333329999999
SAMDE,None,bin,high,high,mid,0.726206,0.7808113329999999,0.816666667,0.783333333,0.904814667,0.817963,0.735433333,0.783033333
SAMDE,None,interm,high,high,mid,0.723684,0.7539473329999999,0.775,0.7375,0.766111333,0.513333333,0.4402666670000001,0.564433333
MAB-SHADE,None,bin,high,high,low,0.725438667,0.781250333,0.777083333,0.745833333,0.961111,0.843518667,0.8492333329999999,0.8385
MAB-SHADE,None,interm,high,high,low,0.7244520000000001,0.7798246670000001,0.754166667,0.7645833329999999,0.879259667,0.7459256670000001,0.841633333,0.888166667
SAMDE,None,bin,high,high,low,0.719517333,0.784978,0.75,0.747916667,0.942963,0.794074,0.748033333,0.786666667
SAMDE,None,interm,high,high,low,0.721929667,0.777412333,0.747916667,0.752083333,0.7535183329999999,0.5661109999999999,0.47826666700000003,0.5683
MAB-SHADE,None,bin,high,mid,high,0.716776,0.782894667,0.7270833329999999,0.754166667,0.952037,0.8424073329999999,0.8073,0.817666667
MAB-SHADE,None,interm,high,mid,high,0.720723667,0.782237,0.779166667,0.7729166670000001,0.931666667,0.800740667,0.854933333,0.8684
SAMDE,None,bin,high,mid,high,0.744627333,0.7793859999999999,0.739583333,0.770833333,0.901852,0.815740667,0.7332333329999999,0.786333333
SAMDE,None,interm,high,mid,high,0.7213816670000001,0.747587667,0.7645833329999999,0.7416666670000001,0.765555333,0.5094443329999999,0.4616,0.5589666670000001
MAB-SHADE,None,bin,high,mid,mid,0.719627,0.783662,0.7625,0.775,0.958333333,0.8301850000000001,0.8191,0.8209333329999999
MAB-SHADE,None,interm,high,mid,mid,0.721491333,0.7811406670000001,0.7666666670000001,0.78125,0.8244446670000001,0.763889,0.858733333,0.8723333329999999
SAMDE,None,bin,high,mid,mid,0.718201667,0.781469333,0.7958333329999999,0.7270833329999999,0.944074,0.8146296670000001,0.7567666670000001,0.7802
SAMDE,None,interm,high,mid,mid,0.703179667,0.767105,0.7729166670000001,0.7020833329999999,0.768333333,0.48129633299999997,0.4548,0.5530666670000001
MAB-SHADE,None,bin,high,mid,low,0.718969333,0.7842106670000001,0.7375,0.716666667,0.958889,0.851481667,0.823866667,0.8261666670000001
MAB-SHADE,None,interm,high,mid,low,0.7206140000000001,0.78114,0.73125,0.74375,0.903148,0.62,0.8102,0.8889
SAMDE,None,bin,high,mid,low,0.76557,0.778509,0.783333333,0.770833333,0.933333333,0.8012963329999999,0.7384666670000001,0.788366667
SAMDE,None,interm,high,mid,low,0.7148026670000001,0.7539473329999999,0.7729166670000001,0.6791666670000001,0.8138886670000001,0.505740667,0.484066667,0.5905
MAB-SHADE,None,bin,high,low,high,0.723245667,0.780592,0.75625,0.7729166670000001,0.9564813329999999,0.845185333,0.7999,0.8176
MAB-SHADE,None,interm,high,low,high,0.71875,0.782236667,0.73125,0.783333333,0.884814667,0.7355556670000001,0.845433333,0.8727
SAMDE,None,bin,high,low,high,0.7257676670000001,0.778399333,0.7895833329999999,0.777083333,0.941666667,0.839074,0.707233333,0.782066667
SAMDE,None,interm,high,low,high,0.7259869999999999,0.750438333,0.7583333329999999,0.7,0.773518333,0.467778,0.4492,0.5670333329999999
MAB-SHADE,None,bin,high,low,mid,0.7533989999999999,0.782675667,0.752083333,0.73125,0.950370333,0.845925667,0.8076,0.812533333
MAB-SHADE,None,interm,high,low,mid,0.721271667,0.782346333,0.7416666670000001,0.7729166670000001,0.8438889999999999,0.662037,0.8301,0.874766667
SAMDE,None,bin,high,low,mid,0.742434,0.777083333,0.7875,0.7645833329999999,0.942222,0.8111109999999999,0.740633333,0.780266667
SAMDE,None,interm,high,low,mid,0.720395,0.759868333,0.7583333329999999,0.760416667,0.7727776670000001,0.502037,0.491733333,0.5428333329999999
MAB-SHADE,None,bin,high,low,low,0.713816,0.786732333,0.7583333329999999,0.745833333,0.957407,0.859444333,0.801666667,0.824866667
MAB-SHADE,None,interm,high,low,low,0.721162333,0.782346333,0.745833333,0.7041666670000001,0.836111333,0.5872223329999999,0.8668,0.861966667
SAMDE,None,bin,high,low,low,0.765022,0.783772,0.760416667,0.783333333,0.94,0.7792593329999999,0.773166667,0.7937333329999999
SAMDE,None,interm,high,low,low,0.717763333,0.764802667,0.75625,0.74375,0.765555333,0.5822223329999999,0.475466667,0.570466667
