evolution_method,mutation,crossover,batch_type,batch_offset_type,sub_gen_type,magic,magic_normalized,qsar,qsar_normalized,gass,gass_normalized,mnist,mnist_normalized,,magic_rank,magic_norm_rank,qsar_rank,qsar_norm_rank,gass_rank,gass_norm_rank,mnist_rank,mnist_norm_rank,QUADE Rank
SHADE,curr_p_best,interm,high,high,mid,72.6,78.4,78.2,76.2,94.2,85.1,85.1,86.8,,343,616,258,1045,384,33,181,304,3164
SHADE,curr_p_best,interm,high,mid,low,73.1,78.4,77,75.6,94.5,86.2,87.9,87.9,,210,616,834,1380,304,3,28,202,3577
L-SHADE,curr_p_best,interm,high,low,high,72.4,78.4,77.5,77.6,93.4,83.5,83.3,85.8,,567,616,552,365,668,219,270,372,3629
SHADE,curr_p_best,interm,high,high,high,72.2,78.4,81.4,76.8,93.2,84.2,84.5,86.2,,973,616,12,715,736,150,223,338,3763
SHADE,curr_p_best,interm,mid,low,low,72.2,78.5,77.5,75.6,95.1,82.7,87.4,86.1,,973,184,552,1380,212,303,49,348,4001
SHADE,curr_p_best,interm,low,mid,mid,72.2,78.7,77,77.6,94,79.7,85.2,83.9,,973,24,834,365,448,732,171,514,4061
JDE,degl,bin,high,mid,low,72.2,78.4,78.5,78.6,92.7,81.3,79.6,84.9,,973,616,192,95,892,525,375,430,4098
MAB-SHADE,None,bin,mid,mid,low,72.1,78.4,79,76.7,96.1,84.8,79.3,80.2,,1428,616,114,745,68,81,381,826,4259
JADE,curr_p_best,interm,high,mid,high,72.2,78.4,78.4,76.6,90.8,84.6,85.2,86.5,,973,616,216,800,1224,96,171,320,4416
L-SHADE,curr_p_best,bin,high,mid,mid,73.5,78.3,77.6,77.2,95.1,81.8,80.9,81.2,,154,1536,486,515,212,438,345,750,4436
L-SHADE,curr_p_best,interm,high,high,mid,72.4,78.3,78.4,76.5,94,82.7,85,86.4,,567,1536,216,900,448,303,185,324,4479
JDE,curr_p_best,interm,high,high,high,72.2,78.5,77.9,78.6,89.8,81.9,83.2,80.8,,973,184,384,95,1404,423,274,778,4515
L-SHADE,curr_p_best,interm,high,mid,high,72.2,78.4,78.2,76,93.3,82.3,82.8,85.6,,973,616,258,1140,704,363,291,384,4729
SHADE,curr_p_best,interm,high,low,low,72.3,78.5,75.4,76.2,94.7,85.1,87.7,87.6,,700,184,2256,1045,268,33,38,236,4760
SHADE,rand/1,interm,high,high,mid,72.3,78.6,77.9,76.6,87.1,76,87,90.1,,700,72,384,800,1792,1038,61,14,4861
SHADE,curr_p_best,interm,high,high,low,72.1,78.3,79.2,75.4,95,86.2,87.9,87.8,,1428,1536,90,1490,224,3,28,212,5011
SHADE,curr_p_best,bin,high,mid,mid,75.6,78.5,75.5,75.5,96.2,84.3,82.2,82,,49,184,2178,1430,56,138,313,666,5014
MAB-SHADE,None,bin,mid,high,mid,72.1,78.4,76.9,78.8,94.8,81,80.9,80,,1428,616,918,75,252,558,345,840,5032
JADE,curr_p_best,interm,mid,low,mid,72,78.4,77.6,77.1,93.8,82.6,86.3,85.7,,2079,616,486,555,504,327,100,380,5047
SAMDE,None,bin,high,low,low,76.5,78.4,76,78.3,94,77.9,77.3,79.4,,21,616,1674,160,448,876,422,882,5099
JADE,degl,bin,low,mid,low,73.1,78.5,76.5,75.9,94.9,79.5,75.7,79.8,,210,184,1200,1240,240,744,448,856,5122
JDE,degl,bin,high,low,mid,72.1,78.4,78.4,78,90.7,82.8,79.9,80.9,,1428,616,216,245,1244,291,368,772,5180
JADE,degl,bin,high,low,low,72.2,78.3,77.5,77.6,92.9,84.5,75,83,,973,1536,552,365,852,105,462,580,5425
JADE,curr_p_best,interm,high,mid,low,73.2,78.5,75.6,75,92.5,84.5,87,88.4,,203,184,2028,1760,932,105,61,162,5435
SHADE,curr_p_best,interm,mid,mid,low,72.2,78.4,78.1,73.2,94.5,81.6,87.7,86.6,,973,616,300,2545,304,486,38,312,5574
L-SHADE,curr_p_best,interm,high,high,low,73.1,78.2,79.8,74.9,94.1,83.9,87.1,87.7,,210,2760,54,1835,420,177,57,222,5735
MAB-SHADE,None,bin,high,mid,mid,72,78.4,76.2,77.5,95.8,83,81.9,82.1,,2079,616,1476,415,96,270,320,656,5928
JADE,curr_p_best,interm,mid,high,low,72.1,78.3,77.5,77.2,89.7,82.9,87.8,87.2,,1428,1536,552,515,1412,279,32,272,6026
JDE,degl,interm,mid,high,low,72.3,78.5,78.4,76.4,83.1,77.3,81.1,83,,700,184,216,980,2188,924,338,580,6110
L-SHADE,degl,bin,mid,low,low,73,78.3,76.9,75.8,94.7,80.8,72.7,79.2,,245,1536,918,1300,268,597,496,896,6256
JADE,curr_p_best,interm,low,low,mid,72.1,78.5,76.2,76.4,93.7,75.7,85,85,,1428,184,1476,980,524,1056,185,428,6261
SHADE,rand/1,interm,mid,mid,high,72.3,78.5,75.9,76.8,90.5,72.1,87.1,88.5,,700,184,1812,715,1292,1431,57,160,6351
SHADE,degl,bin,mid,mid,low,72.2,78.5,76.8,73.6,94,84.5,73.5,80.3,,973,184,990,2380,448,105,483,818,6381
SHADE,curr_p_best,interm,low,mid,low,72.1,78.3,77,77.6,93.3,76,85.8,85.4,,1428,1536,834,365,704,1038,129,400,6434
JADE,curr_p_best,bin,high,high,low,72.1,78.3,78.1,74.5,93.7,84.1,86.2,85.7,,1428,1536,300,2020,524,165,103,380,6456
L-SHADE,curr_p_best,interm,high,low,low,72.1,78.3,77.1,74.4,94.4,85.1,86.8,87.4,,1428,1536,750,2065,320,33,76,254,6462
L-SHADE,curr_p_best,bin,high,high,low,72.2,78.4,76.4,73,96.2,83.6,84,83.8,,973,616,1350,2655,56,213,241,526,6630
JDE,curr_p_best,interm,high,mid,low,72,78.5,75.5,77,92.4,82.5,88.7,87.3,,2079,184,2178,615,972,339,13,262,6642
L-SHADE,degl,bin,high,mid,low,72.3,78.3,77,76,92.1,82.8,74.9,81.9,,700,1536,834,1140,1028,291,466,684,6679
JADE,curr_p_best,bin,high,high,high,73.6,78.1,78.2,76.4,95.7,81.8,81.1,81.6,,147,3768,258,980,116,438,338,710,6755
SHADE,degl,bin,mid,low,low,72.1,78.6,74.8,77.9,92.7,84.9,75,80.7,,1428,72,2808,270,892,72,462,788,6792
SHADE,curr_p_best,interm,high,low,mid,73.4,78.2,76.2,76.6,91.4,85.1,86.2,86.8,,161,2760,1476,800,1156,33,103,304,6793
JDE,rand/1,interm,high,high,low,71.9,78.5,77.1,76.5,92.3,74.2,87.8,89.9,,2674,184,750,900,996,1239,32,28,6803
L-SHADE,curr_p_best,interm,mid,low,low,72.5,78.3,75.8,75.1,94.5,81.5,85.6,86.1,,441,1536,1884,1675,304,495,142,348,6825
L-SHADE,curr_p_best,interm,mid,high,low,72.3,78.3,76.6,75.9,91.7,79.9,86,86,,700,1536,1086,1240,1120,690,115,356,6843
MAB-SHADE,None,interm,mid,high,high,72.2,78.3,77.1,76.7,88.4,78.8,86,86.4,,973,1536,750,745,1620,789,115,324,6852
SHADE,degl,bin,high,mid,low,72.3,78.2,78.6,75,94.4,84.7,75.6,82.7,,700,2760,174,1760,320,93,451,608,6866
MAB-SHADE,None,interm,high,high,high,72.2,78.1,78.3,78.3,91,83.8,85.8,87.4,,973,3768,240,160,1196,189,129,254,6909
MAB-SHADE,None,interm,high,mid,high,72.1,78.2,77.9,77.3,93.2,80.1,85.5,86.8,,1428,2760,384,495,736,660,155,304,6922
L-SHADE,rand/1,interm,mid,low,mid,72.1,78.5,77.1,76.6,84.3,72.4,86.4,87.8,,1428,184,750,800,2084,1416,91,212,6965
JADE,curr_p_best,interm,high,low,mid,72.3,78.2,77.4,75.6,91.4,85.1,86.4,87.5,,700,2760,612,1380,1156,33,91,246,6978
MAB-SHADE,None,bin,mid,high,low,72.8,78.4,75.4,74,94.8,83.6,79.3,80.8,,266,616,2256,2225,252,213,381,778,6987
MAB-SHADE,None,bin,mid,low,high,76.1,77.9,78.5,77.9,94.7,83.8,76.8,77.3,,35,4600,192,270,268,189,433,1018,7005
JADE,degl,bin,low,high,low,73.3,78.2,78,75.5,93.8,81.5,74.9,79.9,,182,2760,348,1430,504,495,466,850,7035
SHADE,curr_p_best,interm,low,mid,high,71.9,78.3,79.9,78.2,93.1,77,83.3,82.8,,2674,1536,48,180,768,960,270,602,7038
JDE,rand/1,interm,high,mid,mid,72,78.4,77.8,76.1,89.7,76,83.4,89.4,,2079,616,456,1105,1412,1038,266,66,7038
L-SHADE,curr_p_best,bin,mid,mid,high,72.4,78.3,77.2,74.9,95,79.8,75.3,76.8,,567,1536,684,1835,224,714,456,1038,7054
SHADE,curr_p_best,bin,high,low,high,75.8,78.3,74.2,76.5,95.7,84.3,79.5,81.5,,42,1536,3228,900,116,138,379,720,7059
SHADE,curr_p_best,interm,mid,high,low,72.1,78.2,76.5,76.8,94.3,82.8,87.6,87.2,,1428,2760,1200,715,356,291,43,272,7065
SHADE,curr_p_best,interm,low,high,low,72.2,78.4,75.8,75.1,93.7,77.1,86.4,85.9,,973,616,1884,1675,524,951,91,360,7074
L-SHADE,curr_p_best,bin,mid,high,mid,72.1,78.5,77.4,73,95.4,78.8,79.6,78.9,,1428,184,612,2655,176,789,375,914,7133
SHADE,rand/1,interm,high,low,low,72.2,78.4,77.2,74.9,85.4,75,88.8,90.3,,973,616,684,1835,1992,1122,10,6,7238
SHADE,curr_p_best,interm,mid,high,high,72.2,78.2,75.8,79.2,93.4,82.6,84.6,84.8,,973,2760,1884,40,668,327,211,436,7299
MAB-SHADE,None,bin,mid,low,low,72.7,78.3,76.5,72.5,95.9,85.3,78.6,79.3,,308,1536,1200,2860,88,21,404,886,7303
L-SHADE,curr_p_best,bin,high,low,low,72.2,78.3,75,75.5,96.6,85.9,83.8,84.3,,973,1536,2616,1430,12,9,249,482,7307
L-SHADE,curr_p_best,bin,high,low,high,75.6,78.3,74.9,75.6,95.4,83.1,78.5,80.5,,49,1536,2694,1380,176,261,407,806,7309
MAB-SHADE,None,interm,mid,high,mid,72.6,78.4,74.8,77.5,88.1,75.2,86.4,86.4,,343,616,2808,415,1656,1098,91,324,7351
JDE,degl,bin,mid,mid,low,72,78.5,77.8,75.2,89.1,78.6,84.7,83.5,,2079,184,456,1580,1492,813,203,546,7353
L-SHADE,curr_p_best,interm,high,mid,low,72.2,78.3,75,75.8,94.1,83.7,87.3,87.1,,973,1536,2616,1300,420,198,50,280,7373
JADE,rand/1,interm,high,high,high,72.5,78.5,76,73.8,90.5,74.7,84.7,89,,441,184,1674,2340,1292,1170,203,104,7408
JADE,curr_p_best,interm,high,low,low,72.4,78.2,77.9,72.2,94,85,86.9,88.1,,567,2760,384,2945,448,54,69,190,7417
L-SHADE,curr_p_best,interm,low,low,mid,71.9,78.5,76.4,77,93.3,76.9,82.8,82.4,,2674,184,1350,615,704,966,291,634,7418
SHADE,curr_p_best,interm,high,mid,mid,72.2,78.1,76.5,77,94.1,84.8,86.4,87.2,,973,3768,1200,615,420,81,91,272,7420
SAMDE,None,bin,high,high,mid,72.6,78.1,81.7,78.3,90.5,81.8,73.5,78.3,,343,3768,6,160,1292,438,483,956,7446
L-SHADE,curr_p_best,interm,high,mid,mid,72.4,78.3,74.4,77.2,91.9,84.5,84.9,86.2,,567,1536,3120,515,1076,105,192,338,7449
JDE,rand/1,interm,mid,low,high,72.2,78.4,75.6,76,92.5,73,83.4,88.4,,973,616,2028,1140,932,1368,266,162,7485
JADE,rand/1,interm,high,high,mid,72.2,78.4,75.6,76.1,88.2,75.7,86.8,89.9,,973,616,2028,1105,1640,1056,76,28,7522
MAB-SHADE,None,bin,high,high,low,72.5,78.1,77.7,74.6,96.1,84.4,84.9,83.9,,441,3768,474,1965,68,123,192,514,7545
JADE,rand/1,interm,mid,mid,mid,72.2,78.4,77,75.6,83.2,72.6,87,88.9,,973,616,834,1380,2184,1401,61,112,7561
SHADE,curr_p_best,interm,mid,low,mid,72.2,78.3,73.6,78.6,94.3,82.7,85.6,85.1,,973,1536,3738,95,356,303,142,424,7567
SHADE,degl,bin,high,low,low,72,78.4,75.1,76.5,94.7,85.2,72.1,82,,2079,616,2544,900,268,24,503,666,7600
L-SHADE,curr_p_best,interm,mid,mid,mid,72.3,78.2,75.1,78.2,94.3,82.1,84.2,84.5,,700,2760,2544,180,356,390,230,464,7624
L-SHADE,degl,bin,mid,high,low,72,78.5,76.5,75.9,91.5,81.7,73.3,80,,2079,184,1200,1240,1140,465,486,840,7634
JDE,rand/1,interm,high,low,low,72.1,78.4,76.8,75.1,88.5,73.9,87.5,90.1,,1428,616,990,1675,1588,1281,45,14,7637
L-SHADE,rand/1,interm,mid,high,mid,72.1,78.3,77.5,78,84.2,71.8,85.6,88,,1428,1536,552,245,2092,1449,142,198,7642
SAMDE,None,bin,high,low,high,72.6,77.8,79,77.7,94.2,83.9,70.7,78.2,,343,4792,114,360,384,177,518,964,7652
L-SHADE,curr_p_best,interm,low,high,mid,72,78.4,75.5,77.9,93.6,76.6,83.2,81.9,,2079,616,2178,270,572,996,274,684,7669
JADE,curr_p_best,interm,high,high,low,72.2,78.2,77.4,73,94.5,83.7,88.3,88.6,,973,2760,612,2655,304,198,17,154,7673
SHADE,curr_p_best,bin,high,mid,high,75.2,78.2,76,75,95.7,83.4,79,81.5,,77,2760,1674,1760,116,234,388,720,7729
JDE,curr_p_best,bin,high,low,high,72.3,78.3,76.5,75.6,90.6,80.1,81.9,81.6,,700,1536,1200,1380,1268,660,320,710,7774
L-SHADE,curr_p_best,bin,high,low,mid,74.2,78.2,75.9,74.6,96.3,85.2,80.1,81.3,,98,2760,1812,1965,44,24,363,742,7808
L-SHADE,degl,bin,mid,mid,low,71.8,78.6,77,76.5,91.9,82.1,72.7,79,,3136,72,834,900,1076,390,496,908,7812
JDE,degl,interm,high,low,low,72.1,78.4,76.1,77.5,81.4,82,78.7,82.1,,1428,616,1614,415,2272,414,399,656,7814
SHADE,curr_p_best,interm,high,mid,high,72.3,77.6,78,77.9,93,84.4,84.7,86.2,,700,5032,348,270,816,123,203,338,7830
SHADE,curr_p_best,bin,mid,high,low,71.9,78.4,74.6,77,96.2,82.1,85.7,84.4,,2674,616,2910,615,56,390,135,472,7868
SHADE,rand/1,interm,mid,high,low,72.3,78.6,77,73.6,79.3,71.9,89.2,89.7,,700,72,834,2380,2408,1443,5,42,7884
JADE,curr_p_best,bin,mid,high,high,72.1,78.3,75.5,76.1,96,82.5,80,79.7,,1428,1536,2178,1105,80,339,365,864,7895
JADE,curr_p_best,interm,high,high,mid,72.5,78,76.2,76.6,94.4,84.2,85.2,87.5,,441,4296,1476,800,320,150,171,246,7900
JDE,curr_p_best,interm,high,low,low,72.1,78.5,74.8,75.5,89.7,82.1,88.1,87.6,,1428,184,2808,1430,1412,390,21,236,7909
JDE,curr_p_best,interm,high,high,mid,71.9,78.5,75.2,76.6,92.1,82.7,85.4,85.8,,2674,184,2394,800,1028,303,163,372,7918
JADE,rand/1,interm,high,mid,low,72.3,78.4,75.8,75.9,83.5,74.9,85.4,90.2,,700,616,1884,1240,2160,1143,163,12,7918
JADE,degl,bin,mid,low,low,72,78.2,78,77.6,91.7,84.3,74.2,82.1,,2079,2760,348,365,1120,138,477,656,7943
JDE,curr_p_best,interm,low,high,mid,71.8,78.4,78,75.6,93,73.6,87.6,86.6,,3136,616,348,1380,816,1317,43,312,7968
SHADE,rand/1,interm,high,low,high,72.1,78.3,75.5,78.5,90.8,74.2,85,89.4,,1428,1536,2178,115,1224,1239,185,66,7971
SAMDE,None,bin,mid,high,low,72.2,78.4,76.5,75.4,91.8,75.1,75.1,76.5,,973,616,1200,1490,1104,1107,461,1052,8003
MAB-SHADE,None,bin,high,low,mid,75.3,78.3,75.2,73.1,95,84.6,80.8,81.3,,70,1536,2394,2610,224,96,348,742,8020
L-SHADE,rand/1,interm,high,high,low,72.3,78.5,76,74.2,85.8,72.8,88.8,90,,700,184,1674,2125,1932,1380,10,20,8025
SHADE,curr_p_best,interm,high,low,high,72.7,78,76.2,76.6,94,84.4,84.2,86.1,,308,4296,1476,800,448,123,230,348,8029
JDE,curr_p_best,interm,high,low,mid,72.1,78.5,74.1,77.8,87.5,83.4,86,81.8,,1428,184,3336,310,1736,234,115,692,8035
SHADE,degl,bin,mid,high,low,72.2,78.2,77.6,74.5,94.1,84.1,74.8,80.9,,973,2760,486,2020,420,165,468,772,8064
SHADE,curr_p_best,bin,high,high,mid,73.7,78.2,74.9,75.8,96.3,84.4,82.6,81.5,,126,2760,2694,1300,44,123,301,720,8068
MAB-SHADE,None,bin,high,high,mid,72.1,77.9,80.4,76.7,95.5,82.9,82.6,83,,1428,4600,24,745,160,279,301,580,8117
L-SHADE,curr_p_best,bin,mid,mid,mid,72,78.4,75.6,75.9,95.4,79.8,79,79.1,,2079,616,2028,1240,176,714,388,900,8141
SAMDE,None,bin,high,mid,low,76.6,77.9,78.3,77.1,93.3,80.1,73.8,78.8,,7,4600,240,555,704,660,480,918,8164
L-SHADE,curr_p_best,interm,low,low,low,72,78.3,76.4,77,93.1,76.1,84.1,83.2,,2079,1536,1350,615,768,1032,237,564,8181
JDE,curr_p_best,interm,mid,low,low,71.9,78.4,76.2,75.2,93.2,78.6,87,87.6,,2674,616,1476,1580,736,813,61,236,8192
L-SHADE,degl,bin,low,high,low,72.6,78.2,78.6,75.2,92,77.8,73.5,77.8,,343,2760,174,1580,1052,882,483,990,8264
MAB-SHADE,None,bin,high,low,high,72.3,78.1,75.6,77.3,95.6,84.5,80,81.8,,700,3768,2028,495,144,105,365,692,8297
L-SHADE,rand/1,bin,high,high,high,72.8,78.2,76.8,76.4,92.5,73.7,80.5,81.5,,266,2760,990,980,932,1296,356,720,8300
SHADE,curr_p_best,bin,high,high,high,76.6,78.2,75.6,74.5,95.8,83.9,79.8,79.9,,7,2760,2028,2020,96,177,373,850,8311
SHADE,curr_p_best,bin,high,low,low,72,78.3,75.6,74.4,96.6,85.7,85.2,85.3,,2079,1536,2028,2065,12,15,171,408,8314
SHADE,curr_p_best,interm,mid,mid,mid,72.1,78.3,73.9,76.8,94.2,83.7,85.6,85.6,,1428,1536,3546,715,384,198,142,384,8333
JDE,rand/1,bin,high,low,high,72.2,78.3,77.2,75,92,65.4,84.6,84.6,,973,1536,684,1760,1052,1686,211,444,8346
L-SHADE,rand/1,interm,high,high,mid,72.1,78.4,79.1,72,87.2,74.6,86.1,89.1,,1428,616,102,3040,1780,1179,110,94,8349
JDE,degl,interm,high,high,high,72.5,78.2,77.1,79,83.3,80.4,73.3,76.4,,441,2760,750,55,2172,630,486,1062,8356
SHADE,rand/1,interm,high,mid,mid,72.5,78.3,76.1,75.8,81.7,75.6,85.8,89.9,,441,1536,1614,1300,2252,1065,129,28,8365
L-SHADE,rand/1,interm,mid,mid,mid,72.4,78.3,76.5,75.8,83,73.3,86.9,88.3,,567,1536,1200,1300,2192,1347,69,174,8385
L-SHADE,curr_p_best,interm,high,high,high,72.1,78,78.2,78.4,90.8,82,83.3,85.5,,1428,4296,258,145,1224,414,270,392,8427
JDE,degl,interm,mid,low,low,72.2,78.4,75.4,75.5,89.1,81.4,79.6,80.8,,973,616,2256,1430,1492,510,375,778,8430
JDE,degl,interm,low,low,high,72,78.3,77.9,77.8,88.8,77.6,70.2,71.6,,2079,1536,384,310,1544,897,525,1166,8441
JADE,degl,bin,low,low,low,71.9,78.4,76,76,94.1,80.9,73.8,79.5,,2674,616,1674,1140,420,579,480,870,8453
L-SHADE,curr_p_best,bin,high,high,high,76.5,77.9,77.2,76,95.6,80.9,77.9,79.5,,21,4600,684,1140,144,579,417,870,8455
JDE,curr_p_best,bin,high,mid,mid,72,78.4,75.4,75.5,93.5,79.3,82.8,85.2,,2079,616,2256,1430,612,759,291,420,8463
SAMDE,None,bin,high,low,mid,74.2,77.7,78.8,76.5,94.2,81.1,74.1,78,,98,4944,144,900,384,546,478,976,8470
JADE,curr_p_best,interm,low,high,low,72.1,78.6,75.2,75.1,90.8,74.3,86.3,86,,1428,72,2394,1675,1224,1227,100,356,8476
L-SHADE,curr_p_best,interm,mid,mid,high,72.5,78.1,75.6,77.8,93.7,81,81.5,83.8,,441,3768,2028,310,524,558,332,526,8487
JADE,rand/1,interm,mid,low,low,72.3,78.6,76.4,73.9,77.9,70.5,88.2,89.4,,700,72,1350,2260,2500,1521,18,66,8487
L-SHADE,rand/1,interm,high,mid,low,72,78.5,75.9,76,85.4,74.1,88.6,90,,2079,184,1812,1140,1992,1254,14,20,8495
SHADE,curr_p_best,bin,mid,low,high,72.2,78.3,76.4,72.4,95.6,82.2,78.9,79.3,,973,1536,1350,2900,144,375,391,886,8555
L-SHADE,rand/1,interm,mid,high,high,72.1,78.3,76.2,76.4,89.6,73,85.6,88,,1428,1536,1476,980,1428,1368,142,198,8556
JADE,curr_p_best,bin,high,low,low,72.1,78.4,76.1,71.5,91,85,86.1,85.8,,1428,616,1614,3175,1196,54,110,372,8565
SHADE,rand/1,interm,high,high,high,71.8,78.3,77.5,76.1,93,74.6,85.5,89.1,,3136,1536,552,1105,816,1179,155,94,8573
L-SHADE,curr_p_best,interm,low,mid,mid,72.1,78.4,74.1,76.9,93.1,77.5,82.8,82.5,,1428,616,3336,675,768,900,291,622,8636
SHADE,curr_p_best,bin,high,mid,low,72,78.3,76,73.2,94.8,85.7,85.7,85.4,,2079,1536,1674,2545,252,15,135,400,8636
JDE,degl,bin,high,low,low,72.3,78.2,76.1,76.6,90,79.8,84.7,84.4,,700,2760,1614,800,1380,714,203,472,8643
SHADE,degl,bin,high,high,high,72.7,77.6,78.9,78.8,88.5,83.1,64.7,81.8,,308,5032,126,75,1588,261,575,692,8657
SHADE,curr_p_best,bin,high,low,mid,73.1,78.2,74.1,75.8,96.6,84.2,82.6,82.7,,210,2760,3336,1300,12,150,301,608,8677
JDE,curr_p_best,bin,high,high,high,72.1,78.1,78.9,76.9,91.4,78.9,83.1,84.2,,1428,3768,126,675,1156,786,278,494,8711
SHADE,rand/1,interm,mid,mid,low,72.3,78.5,75.8,74.9,77.6,70.7,89,89.4,,700,184,1884,1835,2544,1512,8,66,8733
JADE,curr_p_best,bin,mid,mid,high,72.8,78.2,75.2,76.5,92.7,82.3,79.9,80.6,,266,2760,2394,900,892,363,368,794,8737
JADE,rand/1,interm,high,low,low,72.1,78.4,78.1,72,83.7,74,89.4,90.3,,1428,616,300,3040,2140,1275,1,6,8806
SAMDE,None,bin,mid,high,mid,73.4,78.2,76,78.1,89,78,72.4,73.7,,161,2760,1674,215,1516,861,500,1136,8823
L-SHADE,rand/1,interm,high,mid,mid,72.2,78.4,75.6,73.4,88,76.8,86.1,89.7,,973,616,2028,2480,1668,978,110,42,8895
L-SHADE,curr_p_best,interm,low,low,high,72.1,78.2,76.4,77,93.3,76.8,81.8,81.3,,1428,2760,1350,615,704,978,325,742,8902
L-SHADE,curr_p_best,bin,high,mid,low,71.9,78.3,75.4,75.4,96.8,83.5,83.8,84.3,,2674,1536,2256,1490,8,219,249,482,8914
L-SHADE,curr_p_best,bin,high,mid,high,75.4,77.9,78.2,73.9,94.8,82.8,78.7,80.3,,63,4600,258,2260,252,291,399,818,8941
JADE,rand/1,interm,mid,low,high,72.2,78.7,73.5,77,85.9,72.7,87,88.3,,973,24,3798,615,1908,1392,61,174,8945
JDE,curr_p_best,bin,mid,low,low,71.7,78.5,76.8,76,87.6,76.3,85.6,88.8,,3647,184,990,1140,1720,1020,142,126,8969
JDE,degl,interm,low,low,low,71.9,78.3,77.9,77.8,88,76,79.2,77.9,,2674,1536,384,310,1668,1038,384,982,8976
MAB-SHADE,None,bin,mid,low,mid,72,78.3,75.6,75.4,94.9,83.7,74.6,78.3,,2079,1536,2028,1490,240,198,474,956,9001
JDE,degl,bin,high,high,mid,72.2,78.2,77,76.9,84.6,79.8,78.7,82.5,,973,2760,834,675,2044,714,399,622,9021
JADE,curr_p_best,bin,high,mid,mid,73.7,78.3,74.2,73.1,93.4,85.1,83,83.2,,126,1536,3228,2610,668,33,283,564,9048
JDE,degl,interm,mid,high,mid,72.1,78.2,77.4,79.1,84.3,78.7,76.5,79.5,,1428,2760,612,50,2084,810,436,870,9050
JADE,rand/1,interm,mid,high,low,72.2,78.5,76.8,72.1,79.8,71.4,89.1,89.6,,973,184,990,2990,2380,1476,6,52,9051
JADE,rand/1,interm,high,high,low,72.1,78.3,77.2,74.2,84.6,74.1,89.4,90.4,,1428,1536,684,2125,2044,1254,1,2,9074
L-SHADE,rand/1,interm,high,high,high,72.4,78.3,74.1,76.2,92,74.1,84.8,88.9,,567,1536,3336,1045,1052,1254,197,112,9099
JADE,curr_p_best,bin,high,mid,low,71.6,78.4,77.2,74.5,91.4,84.6,85.9,86.1,,4060,616,684,2020,1156,96,122,348,9102
SAMDE,None,bin,mid,mid,mid,71.7,78.3,80,77.1,92.9,77.5,72.6,75.8,,3647,1536,36,555,852,900,499,1088,9113
JADE,degl,bin,high,high,low,72.6,78,77.2,76.8,87.7,83.3,70.9,82.7,,343,4296,684,715,1716,249,516,608,9127
MAB-SHADE,None,interm,high,high,mid,72.3,78,76.9,77.3,85.5,82,86.9,87.3,,700,4296,918,495,1980,414,69,262,9134
JDE,curr_p_best,bin,high,low,low,71.8,78.4,76.6,74.8,91.1,78.8,83.8,88.6,,3136,616,1086,1930,1184,789,249,154,9144
JDE,rand/1,interm,high,low,mid,72.2,78.4,74.5,75.1,90.2,74.4,84.6,89.6,,973,616,3048,1675,1360,1218,211,52,9153
JADE,rand/1,interm,high,low,high,72.1,78.2,75.6,76.6,93.1,75,85.5,89.1,,1428,2760,2028,800,768,1122,155,94,9155
SHADE,rand/1,interm,mid,high,mid,72,78.4,76.6,75.2,81.9,72.7,86.4,89.3,,2079,616,1086,1580,2240,1392,91,76,9160
JDE,curr_p_best,bin,mid,low,high,72,78.3,75.8,76.2,91.3,80.5,84.9,82,,2079,1536,1884,1045,1176,612,192,666,9190
SHADE,rand/1,interm,low,mid,mid,72.1,78.5,75.2,76.6,78.3,66.5,87.2,87.8,,1428,184,2394,800,2480,1644,51,212,9193
JDE,curr_p_best,bin,high,mid,high,72,78.2,76.2,77.1,93.5,79.9,81.7,81.7,,2079,2760,1476,555,612,690,328,706,9206
L-SHADE,curr_p_best,interm,mid,mid,low,72,78.6,73.5,74.5,94.3,81.9,86.2,85.9,,2079,72,3798,2020,356,423,103,360,9211
SHADE,curr_p_best,bin,mid,low,mid,72.1,78.4,70.9,76,96.5,81.8,81.6,81.2,,1428,616,4494,1140,28,438,331,750,9225
L-SHADE,rand/1,interm,mid,low,high,72.1,78.3,75.2,76.5,90.1,74.1,85.4,87.9,,1428,1536,2394,900,1368,1254,163,202,9245
JDE,rand/1,interm,high,high,mid,71.8,78.4,76.5,76,85.9,74.8,86.8,89.7,,3136,616,1200,1140,1908,1158,76,42,9276
JDE,rand/1,interm,mid,high,low,72,78.4,76.4,75.2,84.5,72.8,84.8,89.7,,2079,616,1350,1580,2052,1380,197,42,9296
L-SHADE,curr_p_best,interm,high,low,mid,72.1,78.2,74,77.8,93.6,83.7,83.6,86.8,,1428,2760,3468,310,572,198,258,304,9298
SAMDE,None,bin,high,high,low,72,78.5,75,74.8,94.3,79.4,74.8,78.7,,2079,184,2616,1930,356,747,468,932,9312
L-SHADE,rand/1,bin,high,low,mid,72.3,78.4,76,71.9,90.7,75.1,82.6,82.8,,700,616,1674,3075,1244,1107,301,602,9319
SHADE,curr_p_best,interm,low,low,mid,72.1,78.3,73.1,77.6,93.7,78,84.9,84.1,,1428,1536,3930,365,524,861,192,500,9336
SHADE,degl,bin,high,high,low,72.2,78.2,75.4,76,92,85,73.9,82.5,,973,2760,2256,1140,1052,54,479,622,9336
L-SHADE,rand/1,interm,high,low,high,72.9,77.9,76,77.4,92.5,75,84.9,89,,252,4600,1674,465,932,1122,192,104,9341
JADE,curr_p_best,interm,high,mid,mid,72.4,78.2,74,75.1,94.2,84.8,85.4,87.5,,567,2760,3468,1675,384,81,163,246,9344
JDE,curr_p_best,interm,high,mid,mid,72.2,78.2,76.4,75.4,87.9,81.9,86,83,,973,2760,1350,1490,1680,423,115,580,9371
MAB-SHADE,None,bin,mid,mid,mid,71.7,78.3,77.7,74.4,95.5,84.1,78.5,78.8,,3647,1536,474,2065,160,165,407,918,9372
JADE,curr_p_best,interm,mid,mid,low,72.2,78.3,74.1,73.2,94.2,82.7,88.1,87.1,,973,1536,3336,2545,384,303,21,280,9378
JDE,degl,bin,mid,high,low,72,78.2,79.4,76.6,82.9,79,83,84.6,,2079,2760,72,800,2208,774,283,444,9420
JDE,curr_p_best,bin,high,high,low,72.1,78.2,77,74.9,90.7,76.6,84.5,88.9,,1428,2760,834,1835,1244,996,223,112,9432
JDE,degl,interm,mid,mid,low,72.4,78.2,77.8,75.2,84.4,77.2,78.8,81.5,,567,2760,456,1580,2068,936,396,720,9483
SHADE,curr_p_best,interm,low,high,mid,72.1,78.2,74.5,77.8,94,78.6,85.2,84,,1428,2760,3048,310,448,813,171,510,9488
JDE,curr_p_best,interm,low,mid,low,72,78.5,74,76,91,74.8,85.5,88.8,,2079,184,3468,1140,1196,1158,155,126,9506
L-SHADE,degl,bin,high,low,high,72.5,77.8,77.6,77.5,88.2,81.7,65.1,81.7,,441,4792,486,415,1640,465,574,706,9519
MAB-SHADE,None,bin,high,low,low,71.4,78.7,75.8,74.6,95.7,85.9,80.2,82.5,,4627,24,1884,1965,116,9,360,622,9607
SHADE,rand/1,interm,mid,low,low,72.3,78.3,76.6,73.6,79.9,70.8,89.1,89.6,,700,1536,1086,2380,2364,1506,6,52,9630
L-SHADE,curr_p_best,bin,mid,low,high,72,78.3,76.4,73.4,95.5,81,76,76.7,,2079,1536,1350,2480,160,558,444,1042,9649
JADE,curr_p_best,interm,mid,high,mid,72.2,78,76,75,94.4,83.5,86.8,86.3,,973,4296,1674,1760,320,219,76,332,9650
JADE,degl,bin,low,mid,mid,72.9,78.1,76.5,75.9,93.2,76.2,71.2,78.8,,252,3768,1200,1240,736,1023,514,918,9651
JADE,rand/1,interm,low,low,high,72.2,78.6,74.9,74.2,86.8,67.8,86.8,87,,973,72,2694,2125,1828,1599,76,288,9655
JDE,curr_p_best,bin,high,high,mid,71.9,78.2,78.2,75.9,89.1,79.8,84.1,86.9,,2674,2760,258,1240,1492,714,237,292,9667
L-SHADE,curr_p_best,interm,mid,high,mid,72.1,77.8,77.1,76.9,93.5,79.9,83.6,84.4,,1428,4792,750,675,612,690,258,472,9677
SAMDE,None,bin,low,mid,high,73.8,78.2,75.2,79.8,89.4,74.6,65.8,68.9,,119,2760,2394,10,1456,1179,566,1198,9682
JDE,curr_p_best,interm,mid,low,mid,71.9,78.3,76.6,75.2,88.2,81.3,86.4,83.3,,2674,1536,1086,1580,1640,525,91,552,9684
SHADE,rand/1,interm,mid,low,high,72.2,78.1,76.8,76.6,88.5,72.8,86.6,88.8,,973,3768,990,800,1588,1380,84,126,9709
SHADE,rand/1,interm,low,low,high,72.1,78.4,75.4,75.1,86.9,68.1,86.9,87.1,,1428,616,2256,1675,1812,1587,69,280,9723
SHADE,curr_p_best,bin,high,high,low,72.4,78.2,75.5,68.9,96.9,84.8,85.4,84.6,,567,2760,2178,3550,4,81,163,444,9747
L-SHADE,rand/1,bin,high,mid,mid,72.3,78.3,75,73.2,94.6,74.6,82.2,83.1,,700,1536,2616,2545,288,1179,313,572,9749
L-SHADE,rand/1,interm,mid,mid,low,72.3,78.3,74.6,77.2,78.8,71.3,87.8,88.7,,700,1536,2910,515,2436,1485,32,140,9754
SHADE,curr_p_best,interm,low,high,high,71.9,78.2,75.8,78.4,93.5,78.4,83.6,82.9,,2674,2760,1884,145,612,828,258,594,9755
L-SHADE,rand/1,interm,low,mid,low,72.1,78.4,78,72.9,76.8,66.3,86.2,87.3,,1428,616,348,2730,2628,1647,103,262,9762
SHADE,curr_p_best,bin,mid,high,mid,71.6,78.4,74.6,77.2,95.8,81.7,82.5,80.6,,4060,616,2910,515,96,465,307,794,9763
L-SHADE,degl,bin,high,high,low,72,78.1,80.1,75.8,91.6,82.7,72.8,82,,2079,3768,30,1300,1132,303,495,666,9773
SHADE,rand/1,interm,mid,mid,mid,72.3,78.3,75.2,75.5,80.8,73.7,88.1,89.2,,700,1536,2394,1430,2320,1296,21,82,9779
SAMDE,None,bin,mid,low,low,72.4,78.1,80,75.4,90.7,74.5,77.1,76.6,,567,3768,36,1490,1244,1200,428,1048,9781
JDE,curr_p_best,interm,low,high,low,71.9,78.4,76.4,73.5,90.5,74.2,86.5,89,,2674,616,1350,2435,1292,1239,86,104,9796
JDE,rand/1,interm,high,low,high,72.1,78.5,74.5,73.9,90.6,74.8,79.9,88.8,,1428,184,3048,2260,1268,1158,368,126,9840
JDE,curr_p_best,interm,mid,mid,low,72.2,78.2,76.1,75.2,86.2,78.2,88.6,88.3,,973,2760,1614,1580,1892,837,14,174,9844
JADE,rand/1,interm,mid,mid,low,71.8,78.4,77.6,75.2,77.9,71.6,88.9,89.6,,3136,616,486,1580,2500,1467,9,52,9846
L-SHADE,curr_p_best,interm,mid,low,mid,72.3,78.2,73.9,76.1,93.8,81.4,83.7,84.3,,700,2760,3546,1105,504,510,254,482,9861
SHADE,degl,bin,low,mid,low,71.9,78.4,75.5,75.2,92.1,81.8,76.2,79,,2674,616,2178,1580,1028,438,441,908,9863
SHADE,rand/1,interm,high,mid,high,72.3,78.2,74.4,76.2,92.9,75,85,89.2,,700,2760,3120,1045,852,1122,185,82,9866
JADE,curr_p_best,bin,high,low,high,72.3,78.2,75.2,73.9,93.1,85,80.2,83.1,,700,2760,2394,2260,768,54,360,572,9868
JDE,degl,bin,high,low,high,72.3,78.2,74.6,78.2,89.1,81.8,76.5,78.3,,700,2760,2910,180,1492,438,436,956,9872
JADE,rand/1,interm,high,low,mid,72,78.3,74.9,77.8,84.5,74.8,88,90,,2079,1536,2694,310,2052,1158,26,20,9875
JDE,degl,interm,mid,low,high,72.5,77.8,77.9,79.5,85.6,80.4,70.2,73.8,,441,4792,384,20,1964,630,525,1130,9886
JADE,rand/1,interm,mid,low,mid,72.1,78.7,74.2,75.9,79.5,72.2,87.2,89.1,,1428,24,3228,1240,2396,1428,51,94,9889
JADE,curr_p_best,interm,high,low,high,71.9,77.9,76.9,77.1,93.5,85,85,86.3,,2674,4600,918,555,612,54,185,332,9930
SHADE,degl,bin,low,low,mid,72.2,78.1,76.6,75.8,93.4,80.5,70.2,77.6,,973,3768,1086,1300,668,612,525,1008,9940
L-SHADE,curr_p_best,interm,low,high,low,72.2,78.4,74.2,73.9,91,77,84.6,83.9,,973,616,3228,2260,1196,960,211,514,9958
L-SHADE,rand/1,interm,mid,high,low,71.9,78.5,76.6,74.2,80.9,71.7,87.8,88.9,,2674,184,1086,2125,2296,1455,32,112,9964
L-SHADE,rand/1,interm,mid,low,low,71.9,78.5,75.8,75.9,81.1,70.7,87.9,88.6,,2674,184,1884,1240,2288,1512,28,154,9964
JDE,degl,interm,high,mid,low,72.5,78.2,74.4,77.9,87.2,80.5,79.6,82.5,,441,2760,3120,270,1780,612,375,622,9980
SHADE,rand/1,interm,high,low,mid,72.3,78.3,74.1,73.9,92.4,75,87.2,89.9,,700,1536,3336,2260,972,1122,51,28,10005
JDE,curr_p_best,interm,high,low,high,72,78.3,75.1,76.1,89.3,84.4,82,80,,2079,1536,2544,1105,1472,123,318,840,10017
L-SHADE,curr_p_best,interm,low,mid,high,72.5,78.2,73.6,77.1,93.7,77.5,79.9,81.2,,441,2760,3738,555,524,900,368,750,10036
JDE,rand/1,interm,high,high,high,72,78.2,75.4,78.5,91.9,73.6,82.7,88.7,,2079,2760,2256,115,1076,1317,299,140,10042
JDE,curr_p_best,interm,mid,high,high,72,78.3,76.6,73.1,90.3,80.5,84.6,82.9,,2079,1536,1086,2610,1336,612,211,594,10064
MAB-SHADE,None,interm,mid,mid,mid,72.1,78.5,74.6,76.2,83.8,63.7,82.3,86.3,,1428,184,2910,1045,2120,1734,311,332,10064
JADE,curr_p_best,interm,low,high,mid,72.2,78.2,76.1,73.4,93.4,76.9,85.6,84.5,,973,2760,1614,2480,668,966,142,464,10067
SHADE,degl,bin,high,low,mid,72.2,78.1,75.8,77,89,84.1,72.2,82,,973,3768,1884,615,1516,165,502,666,10089
MAB-SHADE,None,interm,high,mid,mid,72.1,78.1,76.7,78.1,82.4,76.4,85.9,87.2,,1428,3768,1068,215,2220,1011,122,272,10104
JADE,curr_p_best,interm,mid,low,high,71.6,78.1,78.1,76.9,93.5,84.5,84.3,85.5,,4060,3768,300,675,612,105,226,392,10138
JDE,degl,bin,high,mid,high,72.2,78.1,76.5,78.1,86.1,79.8,74.7,78.8,,973,3768,1200,215,1900,714,472,918,10160
JADE,curr_p_best,bin,high,low,mid,72.1,78.2,76.2,73.6,91.1,84.2,82.8,84,,1428,2760,1476,2380,1184,150,291,510,10179
JADE,rand/1,interm,high,mid,high,72.1,78,75.6,77.8,93,75.5,85.5,89.2,,1428,4296,2028,310,816,1068,155,82,10183
L-SHADE,curr_p_best,bin,mid,mid,low,71.7,78.4,75.2,74.1,95.6,82.1,83.7,83,,3647,616,2394,2180,144,390,254,580,10205
JDE,curr_p_best,bin,mid,high,low,71.9,78.4,75.2,74.5,91.6,75,84,89.5,,2674,616,2394,2020,1132,1122,241,60,10259
L-SHADE,degl,bin,high,high,high,72.2,77.8,78.8,78.2,81.8,80.1,65.9,81.6,,973,4792,144,180,2244,660,565,710,10268
SHADE,degl,bin,low,low,high,72.6,78,76.6,75.8,93.1,78.1,64.1,76.5,,343,4296,1086,1300,768,852,581,1052,10278
L-SHADE,rand/1,interm,high,low,low,72.2,78.3,74.4,75.5,85.8,74.1,88.8,89.9,,973,1536,3120,1430,1932,1254,10,28,10283
SAMDE,None,bin,mid,mid,low,72.1,78.1,78.3,76,90.6,76.4,75.8,77.9,,1428,3768,240,1140,1268,1011,447,982,10284
L-SHADE,degl,bin,high,high,mid,72.1,78.1,76.6,76.9,88.8,81.3,67.5,81.6,,1428,3768,1086,675,1544,525,555,710,10291
JDE,degl,interm,mid,low,mid,72.2,78.2,76,77.4,80.5,80.9,75.3,76.5,,973,2760,1674,465,2336,579,456,1052,10295
JADE,degl,bin,mid,low,high,72,78.2,78.1,74.1,92.5,80.3,68.2,79.7,,2079,2760,300,2180,932,645,547,864,10307
SAMDE,None,bin,mid,high,high,74.5,77.8,75.2,79.2,93.6,78.8,69.4,73.7,,84,4792,2394,40,572,789,534,1136,10341
SHADE,rand/1,interm,low,mid,high,72,78.4,75.2,76.5,80.6,65.9,86.7,87,,2079,616,2394,900,2328,1671,82,288,10358
SAMDE,None,bin,low,high,high,72.2,78.2,75.6,76.7,91.8,76.6,65.3,68.9,,973,2760,2028,745,1104,996,570,1198,10374
SHADE,rand/1,interm,low,mid,low,72,78.4,75.2,76.6,76.6,66.7,87.7,88.4,,2079,616,2394,800,2660,1629,38,162,10378
SHADE,degl,bin,mid,high,mid,73.3,78,75,76.6,93.5,81.4,72,79.5,,182,4296,2616,800,612,510,504,870,10390
L-SHADE,curr_p_best,interm,low,mid,low,71.9,78.3,74.1,76.9,93.7,76.9,84.3,84.3,,2674,1536,3336,675,524,966,226,482,10419
JDE,degl,bin,low,mid,high,71.8,78.3,77,76.4,89.5,77.2,76.6,74.2,,3136,1536,834,980,1444,936,435,1124,10425
JADE,curr_p_best,interm,low,low,low,72,78.1,76.2,76.4,93.4,77.4,85.7,85.1,,2079,3768,1476,980,668,915,135,424,10445
MAB-SHADE,None,bin,low,high,low,71.5,78.3,76.2,76.2,95.1,82.7,78.1,76.1,,4389,1536,1476,1045,212,303,413,1076,10450
JDE,curr_p_best,interm,high,high,low,72,78.5,72.1,75.4,87.8,81.4,87.9,88.2,,2079,184,4296,1490,1696,510,28,182,10465
SHADE,rand/1,bin,high,mid,high,72.6,78.3,76.2,74.6,86.5,69.1,63.3,72.1,,343,1536,1476,1965,1856,1554,585,1162,10477
JDE,curr_p_best,bin,high,low,mid,72,78.2,74.9,76.4,93,80.3,86.2,85.3,,2079,2760,2694,980,816,645,103,408,10485
JADE,degl,bin,high,mid,high,72.3,77.4,77.1,76.5,89.9,81.5,69,82.9,,700,5144,750,900,1392,495,541,594,10516
L-SHADE,rand/1,interm,low,low,low,72,78.5,76,74.9,75.8,68.3,85.9,86.9,,2079,184,1674,1835,2764,1575,122,292,10525
JDE,degl,interm,low,mid,high,72.1,78.3,74.9,76.6,89.5,77.2,70.2,71.5,,1428,1536,2694,800,1444,936,525,1172,10535
L-SHADE,curr_p_best,bin,mid,low,low,71.8,78.2,76.5,74.6,95.7,81.9,83.3,82,,3136,2760,1200,1965,116,423,270,666,10536
JADE,rand/1,interm,low,mid,high,72,78.5,74.9,75.5,81.8,68.8,86.9,87.1,,2079,184,2694,1430,2244,1563,69,280,10543
JDE,degl,interm,high,low,mid,72.6,78.1,76,76.6,84.5,81.1,77,78.6,,343,3768,1674,800,2052,546,431,938,10552
L-SHADE,rand/1,interm,high,low,mid,72.6,78.2,74.8,73.9,92.4,74.6,85.2,89.5,,343,2760,2808,2260,972,1179,171,60,10553
SHADE,curr_p_best,interm,low,low,low,72.1,78.2,73.1,77.6,93.5,78.1,85.2,84.6,,1428,2760,3930,365,612,852,171,444,10562
JDE,curr_p_best,bin,low,low,mid,71.8,78.4,76,74,90.5,73.3,87.2,87.7,,3136,616,1674,2225,1292,1347,51,222,10563
SHADE,curr_p_best,bin,low,mid,low,72.2,78.4,74,73,92.6,74.5,84.8,83.3,,973,616,3468,2655,908,1200,197,552,10569
MAB-SHADE,None,bin,low,low,high,71.9,78.3,74.6,76.7,93.6,81.7,70.5,73.3,,2674,1536,2910,745,572,465,521,1146,10569
JDE,curr_p_best,interm,high,mid,high,71.9,78.2,77.4,74.4,91.5,83.1,83.9,80.3,,2674,2760,612,2065,1140,261,245,818,10575
JADE,degl,bin,high,mid,mid,72,77.8,78.1,77.2,90.3,81.6,71.8,83,,2079,4792,300,515,1336,486,505,580,10593
JDE,degl,bin,mid,high,mid,71.9,78.2,76.9,77,87.1,79,81,81.2,,2674,2760,918,615,1792,774,342,750,10625
JDE,rand/1,interm,mid,high,high,71.9,78.2,77.1,75.4,91.5,72.1,84.8,88.1,,2674,2760,750,1490,1140,1431,197,190,10632
SHADE,curr_p_best,interm,mid,high,mid,72,78.1,75.9,75,93.9,83.4,86.4,85.4,,2079,3768,1812,1760,488,234,91,400,10632
JADE,rand/1,interm,high,mid,mid,72.2,78.3,72.4,76,88.2,75.9,86.8,90.1,,973,1536,4218,1140,1640,1050,76,14,10647
JDE,degl,bin,high,high,high,72.1,78.1,78.1,76.6,82.3,79.3,75.3,78.5,,1428,3768,300,800,2224,759,456,950,10685
JADE,curr_p_best,bin,high,mid,high,71.5,78.4,75.5,73.5,96.1,85.2,80.3,82.6,,4389,616,2178,2435,68,24,359,616,10685
SHADE,degl,bin,low,low,low,72.1,78,76.6,75.8,93.6,81,73.2,77.9,,1428,4296,1086,1300,572,558,489,982,10711
SAMDE,None,bin,high,high,high,72.6,77.3,75.8,77.9,91.4,81.5,74.3,78.2,,343,5192,1884,270,1156,495,476,964,10780
JADE,rand/1,interm,mid,high,mid,72.2,78.3,75.9,72,86.5,71.4,88.2,89,,973,1536,1812,3040,1856,1476,18,104,10815
L-SHADE,curr_p_best,bin,high,high,mid,72.6,78.1,74.4,74.4,95.7,83.3,80.1,80.5,,343,3768,3120,2065,116,249,363,806,10830
JDE,curr_p_best,bin,low,low,low,71.6,78.8,76,74,89.2,74.2,88.1,88.8,,4060,8,1674,2225,1480,1239,21,126,10833
L-SHADE,rand/1,bin,high,low,high,72.3,78.3,74.2,73.9,91.9,75.3,80.8,82.6,,700,1536,3228,2260,1076,1089,348,616,10853
JADE,degl,bin,high,mid,low,72.4,77.8,78.2,73,88.8,84.9,74.4,83.4,,567,4792,258,2655,1544,72,475,548,10911
JADE,curr_p_best,bin,mid,low,high,71.7,78.3,75.2,74.9,95.5,83.8,79.5,80.8,,3647,1536,2394,1835,160,189,379,778,10918
L-SHADE,curr_p_best,interm,low,high,high,72.1,78.1,74.8,78.5,93.1,77.2,80.8,81.2,,1428,3768,2808,115,768,936,348,750,10921
JDE,rand/1,interm,high,mid,high,71.6,78.3,77.2,75.1,91.1,73.2,82.1,88.8,,4060,1536,684,1675,1184,1353,316,126,10934
JADE,degl,bin,mid,mid,low,71.7,78.2,78.8,75.2,89.6,83.2,76.2,81.8,,3647,2760,144,1580,1428,258,441,692,10950
JDE,degl,interm,mid,high,high,72.5,78,76.4,76.5,87.3,80.1,71.6,77,,441,4296,1350,900,1764,660,509,1032,10952
SHADE,rand/1,interm,high,mid,low,72.3,78.3,74.6,73.1,84,75.3,89.3,90.3,,700,1536,2910,2610,2116,1089,3,6,10970
JADE,curr_p_best,bin,low,mid,low,72.3,78.4,73.9,70.6,93.1,73.7,85.2,83.9,,700,616,3546,3365,768,1296,171,514,10976
JADE,degl,bin,high,high,high,72.3,76.6,77.9,76.5,87.8,79.6,65.8,82.3,,700,5352,384,900,1696,738,566,646,10982
L-SHADE,curr_p_best,interm,mid,low,high,71.9,78.1,74.9,78.8,93.7,82.2,81.5,83.3,,2674,3768,2694,75,524,375,332,552,10994
L-SHADE,degl,bin,low,low,mid,72.4,77.8,76.5,77.5,90.3,75.5,66.9,75.6,,567,4792,1200,415,1336,1068,560,1094,11032
SHADE,curr_p_best,interm,mid,mid,high,72.4,77.8,77.1,72.5,92.1,82.4,83.1,84.6,,567,4792,750,2860,1028,351,278,444,11070
JDE,degl,interm,low,low,mid,72,78.1,77.9,77.8,85.6,75.5,76.7,76.3,,2079,3768,384,310,1964,1068,434,1064,11071
MAB-SHADE,None,bin,high,high,high,74,77.8,73.8,77.1,94.4,80,81.7,82.3,,112,4792,3642,555,320,678,328,646,11073
MAB-SHADE,None,bin,high,mid,low,71.9,78.4,73.8,71.7,95.9,85.1,82.4,82.6,,2674,616,3642,3130,88,33,309,616,11108
JDE,curr_p_best,interm,mid,high,low,71.9,78.2,76.4,75,90,76.7,87.1,88.7,,2674,2760,1350,1760,1380,993,57,140,11114
JADE,degl,bin,mid,high,mid,71.6,78.2,79.4,76.6,88.8,80.9,69.3,80.8,,4060,2760,72,800,1544,579,537,778,11130
SHADE,curr_p_best,bin,mid,low,low,71.8,78.4,72.4,74.4,96.5,82.1,85.5,83.3,,3136,616,4218,2065,28,390,155,552,11160
JDE,degl,bin,low,mid,low,71.9,78.3,75.9,74.5,89.1,78,84.2,83.4,,2674,1536,1812,2020,1492,861,230,548,11173
JDE,degl,bin,high,mid,mid,72,78.1,77.4,77,82.5,79.4,79.9,80.6,,2079,3768,612,615,2212,747,368,794,11195
JADE,curr_p_best,bin,low,high,high,71.9,78.3,74.9,75.2,94.3,76.8,79.2,77.4,,2674,1536,2694,1580,356,978,384,1012,11214
JADE,curr_p_best,interm,low,mid,mid,71.6,78.5,73.9,75.4,94,77.7,85.4,84.7,,4060,184,3546,1490,448,888,163,440,11219
L-SHADE,rand/1,interm,low,low,high,71.8,78.4,76,74.9,87,68.3,85,85.5,,3136,616,1674,1835,1808,1575,185,392,11221
JADE,curr_p_best,interm,mid,high,high,71.5,77.8,78.6,77.6,93.8,82.4,84.6,84.8,,4389,4792,174,365,504,351,211,436,11222
JDE,degl,interm,high,high,low,72.5,78,75.1,78.2,84.4,79,78.5,83.9,,441,4296,2544,180,2068,774,407,514,11224
MAB-SHADE,None,interm,high,high,low,72.4,78,75.4,76.5,87.9,74.6,84.2,88.8,,567,4296,2256,900,1680,1179,230,126,11234
JADE,curr_p_best,bin,mid,low,low,71.9,78.2,75,74.1,96.4,81.8,86.1,84.6,,2674,2760,2616,2180,36,438,110,444,11258
JDE,curr_p_best,bin,low,low,high,71.8,78.3,76,74,92.6,75.4,85.5,83.6,,3136,1536,1674,2225,908,1083,155,542,11259
L-SHADE,rand/1,interm,low,high,mid,71.8,78.7,76.2,74,78.9,67.7,85.9,86.4,,3136,24,1476,2225,2428,1605,122,324,11340
L-SHADE,degl,bin,high,mid,high,72.1,77.5,77.2,77.5,86.4,80.9,64.6,81.6,,1428,5096,684,415,1864,579,576,710,11352
JADE,curr_p_best,interm,low,mid,high,71.7,78.3,75.2,75,94,78.8,83.6,83.7,,3647,1536,2394,1760,448,789,258,538,11370
L-SHADE,rand/1,interm,low,mid,mid,71.7,78.6,78,72.9,77.7,67.8,85.9,86.6,,3647,72,348,2730,2540,1599,122,312,11370
SHADE,degl,bin,high,low,high,72.8,77.2,74.9,78.1,89.4,82.5,67.9,82.2,,266,5208,2694,215,1456,339,552,650,11380
L-SHADE,rand/1,bin,mid,mid,high,72.1,78.3,74.6,74.8,93,70.9,77.3,79.1,,1428,1536,2910,1930,816,1497,422,900,11439
SHADE,degl,bin,low,mid,mid,72.2,78.1,75.5,75.2,93.2,79.3,69.8,78.7,,973,3768,2178,1580,736,759,531,932,11457
JADE,curr_p_best,interm,mid,mid,mid,71.8,78,75.6,76.5,94.1,83.4,86.5,85.9,,3136,4296,2028,900,420,234,86,360,11460
L-SHADE,rand/1,bin,high,high,low,71.6,78.3,78.8,72.2,93.4,72.4,84.2,84.1,,4060,1536,144,2945,668,1416,230,500,11499
L-SHADE,degl,bin,mid,low,mid,72,78,75.6,77.4,93.6,80.7,68.6,78.8,,2079,4296,2028,465,572,603,543,918,11504
L-SHADE,degl,bin,mid,high,mid,72.8,77.9,75.4,75.8,93,78.3,65.2,78.3,,266,4600,2256,1300,816,834,571,956,11599
JDE,degl,bin,low,low,high,71.8,78.3,76.6,74.9,88.9,77.3,76,74.5,,3136,1536,1086,1835,1536,924,444,1114,11611
JADE,rand/1,interm,low,high,low,72.1,78.4,74.2,75,76.1,66,87.7,88.2,,1428,616,3228,1760,2720,1665,38,182,11637
MAB-SHADE,None,bin,low,mid,high,71.7,78.3,74.8,76.9,93.1,80.5,75.3,73.7,,3647,1536,2808,675,768,612,456,1136,11638
L-SHADE,degl,bin,high,mid,mid,72.5,77.9,74.5,75.5,93.7,82.4,68.8,81.5,,441,4600,3048,1430,524,351,542,720,11656
JDE,rand/1,bin,high,mid,mid,71.8,78.5,76.5,69.5,90.5,65.3,84.6,84.3,,3136,184,1200,3485,1292,1689,211,482,11679
L-SHADE,degl,bin,low,mid,low,71.5,78.2,76.9,77,93.6,77.8,70.8,77,,4389,2760,918,615,572,882,517,1032,11685
SHADE,degl,bin,low,high,low,71.9,78.1,75.1,77.4,94.7,80.5,76.1,78.8,,2674,3768,2544,465,268,612,443,918,11692
JDE,degl,bin,mid,mid,mid,71.7,78.3,75,77.4,86.6,81.8,80.8,80.4,,3647,1536,2616,465,1844,438,348,812,11706
JADE,rand/1,interm,mid,mid,high,72.2,78.2,73.6,76.2,88.5,73.5,86,88.4,,973,2760,3738,1045,1588,1335,115,162,11716
JDE,curr_p_best,interm,low,mid,mid,71.8,78.3,74,76,92.4,76.2,86.4,85.9,,3136,1536,3468,1140,972,1023,91,360,11726
SAMDE,None,bin,low,low,low,72.5,78,76.5,76.7,86.8,68.7,72.4,72.5,,441,4296,1200,745,1828,1569,500,1160,11739
JDE,degl,bin,low,high,mid,71.8,78.4,75.2,73.4,91.8,77.7,81,80.6,,3136,616,2394,2480,1104,888,342,794,11754
SHADE,curr_p_best,interm,mid,low,high,71.9,77.9,74.6,79.4,93.5,83,84.3,84.6,,2674,4600,2910,25,612,270,226,444,11761
JADE,curr_p_best,bin,low,high,low,71.6,78.4,75.6,73.9,92.9,73.7,85.1,84.4,,4060,616,2028,2260,852,1296,181,472,11765
JADE,curr_p_best,interm,high,high,high,72.1,77.7,75.8,76.4,85.7,85,84.7,86.5,,1428,4944,1884,980,1952,54,203,320,11765
JDE,degl,bin,low,low,mid,71.7,78.3,76.6,74.9,89.2,76.8,81.1,79.3,,3647,1536,1086,1835,1480,978,338,886,11786
JDE,degl,bin,mid,mid,high,72.1,78.1,76.2,76.6,83.8,79.9,76.3,76.3,,1428,3768,1476,800,2120,690,440,1064,11786
SHADE,degl,bin,low,high,mid,72.4,78.2,74.1,74.2,93.2,79.4,69.3,77.8,,567,2760,3336,2125,736,747,537,990,11798
SHADE,rand/1,interm,mid,low,mid,72.1,78.2,74.9,75.6,83.5,73.8,88.4,89.2,,1428,2760,2694,1380,2160,1287,16,82,11807
JADE,curr_p_best,interm,mid,mid,high,71.8,77.8,75.4,79.4,93.5,82.1,84.8,85.4,,3136,4792,2256,25,612,390,197,400,11808
JADE,curr_p_best,interm,low,low,high,71.8,78,76.2,76.4,94,80,83.5,83.7,,3136,4296,1476,980,448,678,264,538,11816
L-SHADE,degl,bin,low,low,high,72.3,77.7,76.5,77.5,87.8,74.6,63.3,72.7,,700,4944,1200,415,1696,1179,585,1156,11875
JADE,curr_p_best,interm,low,high,high,71.7,77.7,76.8,78.6,93.7,78,84,83,,3647,4944,990,95,524,861,241,580,11882
JADE,curr_p_best,interm,low,mid,low,71.8,78.5,73.9,75.4,85.4,75.4,86,85.9,,3136,184,3546,1490,1992,1083,115,360,11906
JADE,rand/1,interm,mid,high,high,71.8,78.4,73.2,75.8,90.7,72.1,86,88.2,,3136,616,3888,1300,1244,1431,115,182,11912
JDE,curr_p_best,bin,mid,mid,mid,71.8,78.3,74.5,74.8,92.5,77.5,86.1,86.2,,3136,1536,3048,1930,932,900,110,338,11930
SHADE,curr_p_best,bin,low,high,low,71.8,78.6,75,72,92.4,73.1,85,83.2,,3136,72,2616,3040,972,1356,185,564,11941
JDE,degl,interm,low,mid,low,72,78.5,72,76.2,88.1,71.8,80,79.8,,2079,184,4314,1045,1656,1449,365,856,11948
SHADE,rand/1,bin,high,high,high,72.1,78.2,76.9,75.2,87.1,65.3,62.1,69.6,,1428,2760,918,1580,1792,1689,594,1194,11955
JDE,degl,interm,high,high,mid,72.1,78,75.8,78,80.8,81.1,75.6,80.7,,1428,4296,1884,245,2320,546,451,788,11958
L-SHADE,rand/1,interm,low,high,low,72.1,78.7,73.8,73.9,76.7,66.7,86.3,87.6,,1428,24,3642,2260,2648,1629,100,236,11967
SAMDE,None,bin,high,mid,high,74.5,77.9,74,77.1,90.2,81.6,73.3,78.6,,84,4600,3468,555,1360,486,486,938,11977
JADE,degl,bin,mid,low,mid,71.6,78.3,77,73,91.8,81.7,69.2,80.2,,4060,1536,834,2655,1104,465,539,826,12019
JDE,rand/1,interm,mid,mid,mid,71.7,78.5,73.2,75.8,89.1,73.4,86.6,89.1,,3647,184,3888,1300,1492,1341,84,94,12030
SAMDE,None,bin,high,mid,mid,71.8,78.1,79.6,72.7,94.4,81.5,75.7,78,,3136,3768,66,2830,320,495,448,976,12039
L-SHADE,rand/1,interm,low,high,high,71.8,78.4,76.4,73.1,83.7,67.1,84.6,85.6,,3136,616,1350,2610,2140,1614,211,384,12061
JDE,curr_p_best,bin,high,mid,low,72,78.3,74.1,73.4,89,80,82.6,88.7,,2079,1536,3336,2480,1516,678,301,140,12066
JDE,curr_p_best,interm,low,mid,high,71.7,78.4,74.4,74.9,92.5,75.8,85.4,81.4,,3647,616,3120,1835,932,1053,163,734,12100
JDE,degl,bin,mid,low,high,71.9,78.4,74.9,73.9,87.9,79.9,75,77.1,,2674,616,2694,2260,1680,690,462,1028,12104
JDE,degl,interm,high,mid,mid,72.1,78.1,74.9,79,82.1,81,76.9,78.6,,1428,3768,2694,55,2232,558,432,938,12105
SHADE,rand/1,bin,high,low,mid,72.5,78.3,74.4,75.1,86.2,66.2,60.8,65.2,,441,1536,3120,1675,1892,1656,600,1222,12142
JADE,rand/1,bin,high,mid,high,72.1,78.4,76.4,72.2,80.3,66.3,62.5,65.4,,1428,616,1350,2945,2348,1647,591,1218,12143
JDE,curr_p_best,interm,mid,high,mid,72,78,73.9,78.5,92.2,80,87,85.8,,2079,4296,3546,115,1016,678,61,372,12163
MAB-SHADE,None,interm,high,low,mid,72.1,78.2,74.2,77.3,84.4,66.2,83,87.5,,1428,2760,3228,495,2068,1656,283,246,12164
JADE,rand/1,bin,high,low,mid,72.1,78.3,76.8,73.6,80.9,64.1,61,64.5,,1428,1536,990,2380,2296,1722,599,1232,12183
MAB-SHADE,None,bin,high,mid,high,71.7,78.3,72.7,75.4,95.2,84.2,80.7,81.8,,3647,1536,4128,1490,200,150,353,692,12196
JDE,rand/1,interm,low,high,low,72,78.4,74,74.6,77.3,72,88.2,89.7,,2079,616,3468,1965,2580,1440,18,42,12208
L-SHADE,rand/1,interm,low,mid,high,72,78.3,74.2,76.4,82.3,68.3,84.3,85.9,,2079,1536,3228,980,2224,1575,226,360,12208
L-SHADE,rand/1,interm,mid,mid,high,72,78,76.5,75.4,90.4,72.9,84.2,87.7,,2079,4296,1200,1490,1324,1374,230,222,12215
L-SHADE,rand/1,bin,high,mid,high,73.4,78.1,72.4,76.6,93,71.9,80.2,82,,161,3768,4218,800,816,1443,360,666,12232
JADE,degl,bin,high,low,mid,72.5,77.6,75,76.4,87.9,82.2,71.7,82.8,,441,5032,2616,980,1680,375,506,602,12232
L-SHADE,rand/1,bin,mid,low,mid,72.1,78.5,74.6,72,85.9,70.3,79.2,79.5,,1428,184,2910,3040,1908,1524,384,870,12248
JADE,degl,bin,mid,high,high,72.1,77.5,75.9,78.2,89,77.4,68.1,80.1,,1428,5096,1812,180,1516,915,549,830,12326
SHADE,rand/1,interm,high,high,low,72.2,78.2,73.1,73.5,92.7,73.4,89.3,90.4,,973,2760,3930,2435,892,1341,3,2,12336
MAB-SHADE,None,bin,low,low,mid,72.1,77.9,74.6,76.7,95,78.2,73.1,75.1,,1428,4600,2910,745,224,837,490,1108,12342
SHADE,degl,bin,mid,low,mid,71.8,77.5,75.9,78.2,93.8,82.9,70.2,80.4,,3136,5096,1812,180,504,279,525,812,12344
L-SHADE,curr_p_best,bin,mid,high,high,71.7,78.1,75.4,77.6,94.9,81.2,75.5,76.1,,3647,3768,2256,365,240,540,454,1076,12346
JDE,curr_p_best,interm,low,low,low,71.8,78.4,73.9,73,92.9,73.9,88.1,87.3,,3136,616,3546,2655,852,1281,21,262,12369
JADE,rand/1,bin,high,high,low,71.8,78.3,79.8,74.4,85,63.9,58.2,64.4,,3136,1536,54,2065,2020,1728,606,1234,12379
JDE,degl,bin,low,high,low,71.8,78.2,76.1,73.4,93.2,78,82.4,84.1,,3136,2760,1614,2480,736,861,309,500,12396
JDE,rand/1,interm,mid,mid,high,72.1,78.1,73.2,77.5,92.3,71.4,83.8,88.2,,1428,3768,3888,415,996,1476,249,182,12402
SHADE,rand/1,interm,low,high,high,72,78.3,74.5,75.4,81.5,66.9,86.5,86.9,,2079,1536,3048,1490,2260,1623,86,292,12414
SHADE,degl,bin,mid,high,high,72.1,77.4,76.6,77.5,83.8,79.4,66.6,78.8,,1428,5144,1086,415,2120,747,562,918,12420
SHADE,rand/1,interm,low,high,low,71.9,78.2,76.9,75.2,77,65.6,87.8,88.3,,2674,2760,918,1580,2608,1680,32,174,12426
JDE,degl,interm,low,high,low,72.1,78.4,73.4,73.4,88.7,72.3,78.6,82.2,,1428,616,3870,2480,1572,1422,404,650,12442
L-SHADE,rand/1,bin,high,low,low,72,78.3,74,74,92.3,72.3,83.1,84.6,,2079,1536,3468,2225,996,1422,278,444,12448
MAB-SHADE,None,bin,low,low,low,71.8,78.1,74.6,76.7,95.8,82.9,75.6,76.1,,3136,3768,2910,745,96,279,451,1076,12461
JDE,degl,bin,mid,high,high,71.8,78.1,78.5,76.1,84.9,78.8,76,77.7,,3136,3768,192,1105,2028,789,444,1000,12462
JDE,rand/1,interm,low,high,mid,72.1,78.4,73.2,73.1,80.9,72.5,86.5,88.7,,1428,616,3888,2610,2296,1407,86,140,12471
JADE,curr_p_best,bin,low,low,low,71.9,78.4,72,73.6,93.7,75.3,83.8,82.4,,2674,616,4314,2380,524,1089,249,634,12480
L-SHADE,rand/1,interm,high,mid,high,72.3,78,72.5,77.1,90.6,74.9,82.9,89.2,,700,4296,4176,555,1268,1143,289,82,12509
SHADE,rand/1,bin,high,mid,low,72.1,78.3,75.2,73.1,91.9,64.2,57.3,71.6,,1428,1536,2394,2610,1076,1713,609,1166,12532
JDE,curr_p_best,interm,mid,mid,mid,72,78.1,75,75.1,89.3,82.4,86.5,84.2,,2079,3768,2616,1675,1472,351,86,494,12541
JDE,curr_p_best,bin,mid,high,mid,71.7,78.4,73.6,74.9,90.4,78.2,84.1,86.6,,3647,616,3738,1835,1324,837,237,312,12546
MAB-SHADE,None,interm,low,mid,mid,72,78.3,75.8,71,92,55.7,82.8,83.8,,2079,1536,1884,3270,1052,1911,291,526,12549
SHADE,degl,bin,low,high,high,72.2,78,74.1,78,92.1,76.2,63.5,75.7,,973,4296,3336,245,1028,1023,583,1090,12574
JDE,curr_p_best,interm,mid,mid,high,71.9,78.1,74.6,77.8,91.5,80.2,83.9,79.4,,2674,3768,2910,310,1140,654,245,882,12583
JDE,degl,interm,mid,mid,mid,72.1,78,74.2,79.8,89.5,79.9,75.5,76.8,,1428,4296,3228,10,1444,690,454,1038,12588
JADE,degl,bin,low,mid,high,71.6,78.2,77.2,75.5,91.7,77.4,64.4,76.7,,4060,2760,684,1430,1120,915,578,1042,12589
L-SHADE,curr_p_best,bin,mid,low,mid,71.7,78.3,73.4,75.4,95.7,80.4,78.8,78.9,,3647,1536,3870,1490,116,630,396,914,12599
SAMDE,None,bin,mid,low,mid,73.7,78,75.4,73.3,93.1,76.6,73,73.8,,126,4296,2256,2540,768,996,492,1130,12604
JDE,curr_p_best,bin,low,high,mid,71.8,78.4,73,75.4,87.8,73.7,84.7,88.4,,3136,616,4050,1490,1696,1296,203,162,12649
L-SHADE,degl,bin,high,low,low,72.4,77.8,76.2,72.6,88.5,83.5,73,81.9,,567,4792,1476,2840,1588,219,492,684,12658
JDE,curr_p_best,bin,mid,mid,high,71.6,78.3,75.8,74.2,90.7,76.4,84.1,83.2,,4060,1536,1884,2125,1244,1011,237,564,12661
JDE,rand/1,bin,mid,high,high,71.8,78.3,76.2,74.2,89.4,62.2,80.4,80.6,,3136,1536,1476,2125,1456,1782,357,794,12662
L-SHADE,degl,bin,mid,mid,mid,72.1,77.7,76.6,73.4,93.7,80.1,68.4,77.2,,1428,4944,1086,2480,524,660,545,1022,12689
SHADE,rand/1,interm,low,low,low,71.9,78.3,75.4,75.1,77.5,65.6,85.6,88.1,,2674,1536,2256,1675,2556,1680,142,190,12709
JADE,rand/1,interm,low,low,low,71.8,78.5,74.9,74.2,76.6,66,87.5,87.9,,3136,184,2694,2125,2660,1665,45,202,12711
SHADE,curr_p_best,bin,mid,mid,high,71.6,78.3,71.8,76.2,95.4,83.5,79,79.2,,4060,1536,4392,1045,176,219,388,896,12712
SHADE,rand/1,bin,mid,high,high,72.2,78.4,75.2,70.5,87.5,63.5,53.7,57.6,,973,616,2394,3380,1736,1743,616,1266,12724
SHADE,curr_p_best,bin,mid,mid,low,71.7,78.3,74.4,68.4,96.3,83.9,85.8,84.3,,3647,1536,3120,3615,44,177,129,482,12750
JADE,curr_p_best,interm,mid,low,low,71.8,78.3,71.9,75,90.5,82.2,88,86.9,,3136,1536,4368,1760,1292,375,26,292,12785
JDE,rand/1,interm,mid,low,mid,72,78.1,76.8,72.8,89.8,72.7,83.4,88.9,,2079,3768,990,2785,1404,1392,266,112,12796
L-SHADE,rand/1,interm,low,low,mid,71.8,78.3,76,74.9,76.9,68.3,85.7,86.9,,3136,1536,1674,1835,2616,1575,135,292,12799
JDE,rand/1,interm,mid,low,low,71.8,78.3,74.8,74.9,85.8,72.6,85.8,89.9,,3136,1536,2808,1835,1932,1401,129,28,12805
JDE,degl,bin,low,low,low,71.5,78.2,76.6,74.9,92.6,77.9,82,82.2,,4389,2760,1086,1835,908,876,318,650,12822
SHADE,degl,bin,mid,mid,high,71.9,77.7,75.8,78,91.9,81,67.3,79.1,,2674,4944,1884,245,1076,558,556,900,12837
SAMDE,None,bin,mid,low,high,71.8,78,76,78.1,90.6,80.4,70.7,74.5,,3136,4296,1674,215,1268,630,518,1114,12851
JDE,rand/1,interm,high,mid,low,72,78.2,75.8,72.8,86.4,73.6,85.6,89.9,,2079,2760,1884,2785,1864,1317,142,28,12859
L-SHADE,curr_p_best,bin,low,high,low,71.9,78.4,73.5,73.4,92.1,73.6,82.2,82.1,,2674,616,3798,2480,1028,1317,313,656,12882
JADE,curr_p_best,bin,mid,mid,low,71.7,78.3,73.9,71.1,96.4,82.6,85.7,85.3,,3647,1536,3546,3250,36,327,135,408,12885
MAB-SHADE,None,interm,mid,high,low,72.1,78.3,75.4,71.5,83,60.1,83.7,87.4,,1428,1536,2256,3175,2192,1800,254,254,12895
JDE,degl,bin,mid,low,mid,71.7,78.2,76.8,74.9,87.3,79.7,80.9,80.1,,3647,2760,990,1835,1764,732,345,830,12903
MAB-SHADE,None,interm,high,low,high,71.9,78.2,73.1,78.3,88.5,73.6,84.5,87.3,,2674,2760,3930,160,1588,1317,223,262,12914
SHADE,curr_p_best,bin,low,low,mid,71.6,78.4,72.5,75.9,93.9,74.5,81.9,79.8,,4060,616,4176,1240,488,1200,320,856,12956
SHADE,curr_p_best,bin,mid,mid,mid,71.4,78.2,76.2,72.8,96.6,83.4,81.7,81.2,,4627,2760,1476,2785,12,234,328,750,12972
MAB-SHADE,None,interm,mid,low,low,71.8,78.1,79.4,78.5,78.9,51.4,82.8,68.5,,3136,3768,72,115,2428,1956,291,1208,12974
JADE,curr_p_best,bin,mid,mid,mid,71.8,78.2,74.4,73.9,94.1,82.2,82.3,82.4,,3136,2760,3120,2260,420,375,311,634,13016
MAB-SHADE,None,interm,low,high,low,72,78.3,74.4,75.2,87.1,52.4,83.1,81.9,,2079,1536,3120,1580,1792,1950,278,684,13019
SHADE,curr_p_best,interm,low,low,high,71.9,78,73.1,77.6,94.6,80.7,83.2,82.9,,2674,4296,3930,365,288,603,274,594,13024
JDE,degl,bin,high,high,low,71.9,78.1,76.1,75.1,85.7,81,80.7,84.6,,2674,3768,1614,1675,1952,558,353,444,13038
SHADE,rand/1,interm,low,low,mid,72,78.2,75.4,75.1,80.3,65.8,87.2,87.8,,2079,2760,2256,1675,2348,1674,51,212,13055
JADE,degl,bin,mid,high,low,72,77.8,75.8,75.1,92,81.7,74.8,82.1,,2079,4792,1884,1675,1052,465,468,656,13071
SHADE,rand/1,interm,low,high,mid,72.2,78.1,76.4,73.2,77.4,67.2,87.5,87.8,,973,3768,1350,2545,2568,1611,45,212,13072
L-SHADE,curr_p_best,bin,low,mid,low,71.7,78.4,74.4,73.2,92.5,74.7,81.9,81.3,,3647,616,3120,2545,932,1170,320,742,13092
JDE,curr_p_best,bin,low,high,high,71.5,78.4,74.2,74.6,92.2,74,84.7,85.3,,4389,616,3228,1965,1016,1275,203,408,13100
JDE,curr_p_best,interm,low,low,mid,71.7,78.4,73.9,73,92.3,75,85.7,85.6,,3647,616,3546,2655,996,1122,135,384,13101
JADE,degl,bin,mid,mid,high,72,78.2,75.2,74.6,87.8,79,67.2,79.3,,2079,2760,2394,1965,1696,774,557,886,13111
JDE,rand/1,interm,low,low,mid,72,78.4,73.1,72.9,84.2,70.9,87.2,88.7,,2079,616,3930,2730,2092,1497,51,140,13135
JDE,rand/1,interm,low,low,high,71.9,78.4,73.1,72.9,90.5,71.1,85.1,87.7,,2674,616,3930,2730,1292,1494,181,222,13139
JDE,curr_p_best,bin,mid,mid,low,72,78.3,74.4,71.6,85.5,77.3,82.8,89.3,,2079,1536,3120,3135,1980,924,291,76,13141
L-SHADE,curr_p_best,bin,low,high,mid,71.6,78.4,75.6,71.6,93.5,73.8,78,77.8,,4060,616,2028,3135,612,1287,415,990,13143
MAB-SHADE,None,bin,low,mid,mid,71.4,78.3,75.4,73.5,95.2,81.1,73.7,75.9,,4627,1536,2256,2435,200,546,482,1084,13166
JDE,degl,bin,mid,low,low,72,78,74.6,77.1,84.7,81.3,83.4,83.8,,2079,4296,2910,555,2040,525,266,526,13197
JDE,curr_p_best,interm,mid,low,high,71.8,78.1,74.4,77.2,92.8,80.2,83.9,79.3,,3136,3768,3120,515,884,654,245,886,13208
JDE,curr_p_best,interm,low,low,high,71.9,78.3,73.9,73,92.5,77.1,85.6,80.4,,2674,1536,3546,2655,932,951,142,812,13248
JDE,degl,interm,high,low,high,71.8,78.2,74.1,78.8,84.2,82.3,71.7,77.8,,3136,2760,3336,75,2092,363,506,990,13258
JDE,degl,interm,low,mid,mid,72.2,78.2,72,76.2,87.3,77.2,75.7,76.5,,973,2760,4314,1045,1764,936,448,1052,13292
JADE,rand/1,bin,high,high,high,72.4,78.1,81.2,71.4,83.3,62,61.6,65.4,,567,3768,18,3200,2172,1785,597,1218,13325
JADE,rand/1,interm,low,mid,mid,71.9,78.5,74.5,72.1,78.1,68.1,85.8,87.7,,2674,184,3048,2990,2492,1587,129,222,13326
JDE,rand/1,bin,high,high,low,71.6,78.4,75.2,73.4,89.6,66.9,84.2,84.1,,4060,616,2394,2480,1428,1623,230,500,13331
L-SHADE,degl,bin,low,mid,mid,71.7,77.6,76.9,77,93.5,78.2,66,74.1,,3647,5032,918,615,612,837,563,1126,13350
JDE,rand/1,interm,mid,mid,low,72,78.3,73.9,73.5,81.5,73.1,85.9,90,,2079,1536,3546,2435,2260,1356,122,20,13354
L-SHADE,degl,bin,low,low,low,71.6,78,76.5,77.5,92.9,76.9,70.3,76.7,,4060,4296,1200,415,852,966,524,1042,13355
JADE,degl,bin,low,low,high,72.1,77.7,76,76,88.7,76.5,65.8,76.9,,1428,4944,1674,1140,1572,1008,566,1036,13368
JDE,curr_p_best,bin,low,mid,high,71.5,78.4,73.5,74.6,92.6,74.9,85.9,84.7,,4389,616,3798,1965,908,1143,122,440,13381
JADE,rand/1,interm,low,mid,low,71.9,78.6,74.5,72.1,76.4,65.1,87.8,87.9,,2674,72,3048,2990,2700,1698,32,202,13416
L-SHADE,curr_p_best,interm,mid,high,high,71.9,78,74.6,75.8,93.3,79.9,82.5,83.6,,2674,4296,2910,1300,704,690,307,542,13423
JADE,rand/1,bin,high,mid,low,71.6,78.4,76.8,74.1,85,63,58.6,64.2,,4060,616,990,2180,2020,1758,604,1236,13464
SAMDE,None,bin,low,high,mid,71.7,78.3,74.8,76.7,88.4,72.5,68.2,70.8,,3647,1536,2808,745,1620,1407,547,1178,13488
L-SHADE,rand/1,bin,mid,mid,low,71.7,78.5,74.9,73.8,85.9,68.5,76.4,81.4,,3647,184,2694,2340,1908,1572,439,734,13518
L-SHADE,degl,bin,mid,low,high,72.3,77.4,76.4,72.8,91,78.5,65.2,78.1,,700,5144,1350,2785,1196,825,571,970,13541
JADE,degl,bin,low,low,mid,71.3,78.2,76,76,92.8,78.4,69.4,78.1,,4767,2760,1674,1140,884,828,534,970,13557
MAB-SHADE,None,bin,low,high,mid,71.7,78.2,76.7,68.8,94.6,79.6,77.4,75.7,,3647,2760,1068,3560,288,738,421,1090,13572
SHADE,degl,bin,mid,mid,mid,71.8,77.9,75.5,76.4,92.6,81.9,70.4,79.5,,3136,4600,2178,980,908,423,522,870,13617
JADE,degl,bin,mid,mid,mid,72,78,72.4,77.1,93.5,81.2,66.9,80.5,,2079,4296,4218,555,612,540,560,806,13666
SHADE,rand/1,bin,mid,high,mid,71.6,78.3,77,74.2,87.5,70.8,51.5,54.8,,4060,1536,834,2125,1736,1506,624,1286,13707
SHADE,degl,bin,high,mid,high,72,77.4,74.1,79,88.5,82.7,68.5,82,,2079,5144,3336,55,1588,303,544,666,13715
JDE,curr_p_best,bin,low,mid,low,71.9,78.4,73.1,72.2,83.5,74.5,85.2,89.4,,2674,616,3930,2945,2160,1200,171,66,13762
L-SHADE,rand/1,bin,mid,mid,mid,72.2,78.2,74,74.1,87.6,69.9,77.9,80.1,,973,2760,3468,2180,1720,1530,417,830,13878
JADE,curr_p_best,bin,high,high,mid,71.7,78,75.6,73.6,93.6,84.9,83.1,82.5,,3647,4296,2028,2380,572,72,278,622,13895
JADE,curr_p_best,bin,low,low,mid,72,78.2,72,73.6,94.4,76.8,82.6,81.1,,2079,2760,4314,2380,320,978,301,770,13902
JADE,curr_p_best,bin,low,low,high,71.6,78.4,72,73.6,94.3,77.5,78.7,78.5,,4060,616,4314,2380,356,900,399,950,13975
L-SHADE,degl,bin,mid,mid,high,72.1,77.8,75.9,74,90.1,78.2,62.9,78.6,,1428,4792,1812,2225,1368,837,589,938,13989
L-SHADE,curr_p_best,bin,low,mid,mid,71.7,78.3,74.4,73.2,93.4,75.1,78.5,77.7,,3647,1536,3120,2545,668,1107,407,1000,14030
L-SHADE,degl,bin,mid,high,high,71.3,77.9,77.6,79.4,87.6,77.7,63.9,78,,4767,4600,486,25,1720,888,582,976,14044
L-SHADE,degl,bin,low,mid,high,72.3,77.9,74.6,75.1,90.1,75.5,63.1,73,,700,4600,2910,1675,1368,1068,587,1154,14062
JADE,curr_p_best,bin,mid,high,low,72,78.2,72.8,73.6,86.9,81.8,86.2,85.3,,2079,2760,4110,2380,1812,438,103,408,14090
MAB-SHADE,None,bin,low,mid,low,71.7,78.1,75.4,73.5,95.8,81.3,77.2,77.6,,3647,3768,2256,2435,96,525,425,1008,14160
JDE,degl,interm,high,mid,high,71.4,77.5,79.2,79.9,81.4,80.9,71.7,77.2,,4627,5096,90,5,2272,579,506,1022,14197
SHADE,degl,bin,mid,low,high,71.3,77.9,76.4,78.1,89.9,82.1,64.6,79,,4767,4600,1350,215,1392,390,576,908,14198
L-SHADE,curr_p_best,bin,mid,high,low,71.4,78.2,74.6,75,93.1,80.8,83.6,83.3,,4627,2760,2910,1760,768,597,258,552,14232
JDE,degl,bin,low,mid,mid,71.5,78.2,75.9,74.5,90.3,78.6,81.2,80.7,,4389,2760,1812,2020,1336,813,337,788,14255
JDE,rand/1,interm,low,low,low,72,78.3,73.1,72.9,80.9,71.7,85.2,89.2,,2079,1536,3930,2730,2296,1455,171,82,14279
JDE,rand/1,bin,high,mid,low,71.7,78.3,74.8,73.9,88.4,64.2,84.6,83.9,,3647,1536,2808,2260,1620,1713,211,514,14309
JADE,rand/1,bin,high,high,mid,71.9,78.2,77.1,73.8,83,61.6,60.8,64.8,,2674,2760,750,2340,2192,1791,600,1230,14337
JDE,rand/1,bin,high,mid,high,71.7,77.9,76.8,75.2,91.9,64.3,84,84.2,,3647,4600,990,1580,1076,1710,241,494,14338
SHADE,curr_p_best,bin,low,low,low,71.7,78.2,72.5,75.9,94.4,73.6,83.9,80.9,,3647,2760,4176,1240,320,1317,245,772,14477
JADE,curr_p_best,bin,mid,high,mid,71.7,78.2,73.5,72.4,96,82.6,83,81.8,,3647,2760,3798,2900,80,327,283,692,14487
JDE,rand/1,bin,high,low,low,71.9,78.3,74.2,71.9,88.6,64.6,84.6,84.4,,2674,1536,3228,3075,1584,1707,211,472,14487
JADE,degl,bin,high,low,high,72,77.2,73.8,78.4,86.4,82.5,68,82,,2079,5208,3642,145,1864,339,551,666,14494
JADE,degl,bin,low,high,mid,71.3,78,77.6,75.4,89.6,80.6,71.4,78.4,,4767,4296,486,1490,1428,609,510,954,14540
SHADE,rand/1,bin,high,mid,mid,71.8,78.3,76.1,72.5,85.6,67.5,60.8,65,,3136,1536,1614,2860,1964,1608,600,1226,14544
MAB-SHADE,None,interm,mid,low,mid,71.8,78.1,75.6,76.5,83.3,55.3,78.9,86.9,,3136,3768,2028,900,2172,1920,391,292,14607
JADE,curr_p_best,bin,mid,low,mid,71.6,78.2,74.9,72,93.5,81.7,82.9,81.5,,4060,2760,2694,3040,612,465,289,720,14640
JDE,rand/1,bin,high,low,mid,71.6,78.1,77.1,73.2,91.3,64,85.3,84.5,,4060,3768,750,2545,1176,1725,170,464,14658
JDE,degl,interm,mid,mid,high,71.9,77.9,75.4,76.5,86.6,79.2,73.1,73.8,,2674,4600,2256,900,1844,768,490,1130,14662
JDE,rand/1,interm,low,mid,low,72,78.3,73.5,71.6,77.8,71.5,86.9,89.5,,2079,1536,3798,3135,2520,1470,69,60,14667
JDE,rand/1,bin,high,high,mid,71.5,78.3,75.4,73.2,88,66.6,84.8,84.5,,4389,1536,2256,2545,1668,1635,197,464,14690
L-SHADE,rand/1,bin,high,high,mid,71.7,78,76.5,72.4,93.6,74.7,83,82.4,,3647,4296,1200,2900,572,1170,283,634,14702
JDE,degl,bin,low,high,high,71.8,78.2,75.1,74.9,86.1,75.5,77.2,76.5,,3136,2760,2544,1835,1900,1068,425,1052,14720
JADE,rand/1,interm,low,low,mid,71.9,78.2,74.9,74.2,77.5,67,87,87.6,,2674,2760,2694,2125,2556,1617,61,236,14723
SHADE,curr_p_best,bin,low,low,high,71.7,78.2,72.5,75.9,94.2,75.1,77.1,77.3,,3647,2760,4176,1240,384,1107,428,1018,14760
JDE,degl,interm,low,high,high,71.9,78.2,73.1,77.2,85.3,74.1,71.4,74.9,,2674,2760,3930,515,2008,1254,510,1112,14763
MAB-SHADE,None,interm,high,mid,low,72.1,78.1,73.1,74.4,90.3,62,81,88.9,,1428,3768,3930,2065,1336,1785,342,112,14766
SHADE,curr_p_best,bin,low,mid,high,71.8,78.2,72.8,74.6,93.9,78.1,78,75.9,,3136,2760,4110,1965,488,852,415,1084,14810
SHADE,degl,bin,high,mid,mid,71.9,77.8,74.6,75.8,87.4,83.3,71.3,82.4,,2674,4792,2910,1300,1752,249,513,634,14824
L-SHADE,degl,bin,high,low,mid,71.8,77.7,73.9,79,88.7,82.3,68.4,81.8,,3136,4944,3546,55,1572,363,545,692,14853
L-SHADE,curr_p_best,bin,low,mid,high,71.7,78.3,74.4,71.9,93.3,74.3,74.7,74.5,,3647,1536,3120,3075,704,1227,472,1114,14895
JDE,rand/1,interm,mid,high,mid,72,78.1,73.2,74.1,89.2,74.3,85.6,88.7,,2079,3768,3888,2180,1480,1227,142,140,14904
SAMDE,None,bin,low,high,low,71.8,78.3,74,74.6,87.2,72.5,75,73.1,,3136,1536,3468,1965,1780,1407,462,1150,14904
MAB-SHADE,None,interm,high,low,low,72.1,78.2,74.6,70.4,83.6,58.7,86.7,86.2,,1428,2760,2910,3395,2152,1839,82,338,14904
L-SHADE,degl,bin,low,high,mid,71.5,78.2,74.5,76,93.1,74.9,65.7,75.2,,4389,2760,3048,1140,768,1143,569,1102,14919
JADE,rand/1,bin,high,low,low,71.9,78.2,75.9,74.8,80.9,67,58.6,63.6,,2674,2760,1812,1930,2296,1617,604,1240,14933
SHADE,curr_p_best,bin,mid,high,high,72.1,78,70.8,73,95.2,81.4,78.3,78.6,,1428,4296,4500,2655,200,510,412,938,14939
JDE,curr_p_best,interm,low,high,high,71.8,78.1,75.2,72.9,92.2,74.5,85.7,82.7,,3136,3768,2394,2730,1016,1200,135,608,14987
L-SHADE,rand/1,bin,high,mid,low,71.8,78.2,71.9,75.1,92.4,73.7,83.6,83.8,,3136,2760,4368,1675,972,1296,258,526,14991
L-SHADE,rand/1,bin,mid,high,high,72.2,78.1,75,71,90,69.4,76.5,77.4,,973,3768,2616,3270,1380,1551,436,1012,15006
JDE,curr_p_best,bin,mid,high,high,71.5,78.1,72.6,77.9,92.5,78.8,82.7,84.6,,4389,3768,4134,270,932,789,299,444,15025
JADE,rand/1,interm,low,high,high,72,78.1,74.2,74.9,81.5,66.6,87,87.4,,2079,3768,3228,1835,2260,1635,61,254,15120
MAB-SHADE,None,bin,mid,high,high,71.5,78,73.5,77.1,95.3,80.4,81.5,78.2,,4389,4296,3798,555,192,630,332,964,15156
MAB-SHADE,None,interm,mid,mid,high,71.4,78.1,74.8,78.5,85.4,74.2,84.6,85.2,,4627,3768,2808,115,1992,1239,211,420,15180
JADE,curr_p_best,bin,low,mid,high,71.9,78.2,73.8,71.1,93.9,76.1,78.6,78.7,,2674,2760,3642,3250,488,1032,404,932,15182
SHADE,curr_p_best,bin,low,mid,mid,71.7,78.2,74,73,94.2,74.9,81.8,80.3,,3647,2760,3468,2655,384,1143,325,818,15200
JADE,degl,interm,high,mid,mid,72.1,77,77.9,75,81.6,44.4,45.1,53.5,,1428,5248,384,1760,2256,2145,695,1302,15218
JDE,curr_p_best,bin,mid,low,mid,71.5,78.2,72.9,75.1,92.3,79.1,85.5,85.3,,4389,2760,4080,1675,996,771,155,408,15234
SHADE,rand/1,bin,high,low,low,72,78.2,74.1,74.9,85.8,69.9,57.6,72.6,,2079,2760,3336,1835,1932,1530,607,1158,15237
SHADE,rand/1,bin,mid,mid,mid,72,78.3,72.6,73,89.4,69.1,51.4,59.9,,2079,1536,4134,2655,1456,1554,625,1246,15285
JADE,rand/1,bin,low,low,low,72,78.8,74.1,71,77.1,58.9,42.8,45.4,,2079,8,3336,3270,2596,1821,732,1458,15300
SAMDE,None,bin,mid,mid,high,71.6,77.6,78.5,72.5,92.9,79.9,69.5,74.4,,4060,5032,192,2860,852,690,533,1120,15339
L-SHADE,rand/1,bin,mid,high,mid,71.9,78.3,73.9,71.4,88.1,69.7,79.8,80,,2674,1536,3546,3200,1656,1539,373,840,15364
L-SHADE,curr_p_best,bin,low,low,low,71.6,78.4,72.6,71.9,92.6,73.1,80.4,79.7,,4060,616,4134,3075,908,1356,357,864,15370
JDE,rand/1,bin,high,high,high,71.4,78.3,75.2,71.4,90.9,65.7,84.6,83.8,,4627,1536,2394,3200,1220,1677,211,526,15391
SHADE,rand/1,interm,mid,high,high,71.8,78,74.2,75.6,87.4,72.8,86.9,88.4,,3136,4296,3228,1380,1752,1380,69,162,15403
JADE,rand/1,interm,low,high,mid,71.8,78.2,74.8,73.9,77.4,66.6,87.7,87.7,,3136,2760,2808,2260,2568,1635,38,222,15427
L-SHADE,rand/1,bin,mid,low,low,71.8,78.2,74.4,74.8,86.9,69.6,79.1,81.2,,3136,2760,3120,1930,1812,1545,387,750,15440
SHADE,rand/1,bin,low,high,mid,72.2,78.4,71,70.2,78.6,58.8,42.3,77.1,,973,616,4476,3420,2444,1830,736,1028,15523
JADE,rand/1,bin,low,low,high,71.9,78.5,74.1,71,79.7,60.9,46.4,50.5,,2674,184,3336,3270,2388,1794,673,1340,15659
SHADE,rand/1,bin,mid,low,mid,71.6,78.4,72,74.8,90.3,68.1,52.4,66.8,,4060,616,4314,1930,1336,1587,621,1212,15676
L-SHADE,rand/1,bin,mid,low,high,71.5,78.4,73.8,72.6,90.4,70.6,77.9,78.6,,4389,616,3642,2840,1324,1518,417,938,15684
JDE,rand/1,interm,low,mid,high,71.6,78.2,72.5,75.8,88.8,70.9,85.6,87.7,,4060,2760,4176,1300,1544,1497,142,222,15701
SAMDE,None,interm,high,high,mid,72.4,75.4,77.5,73.8,76.6,51.3,44,56.4,,567,5648,552,2340,2660,1959,712,1276,15714
L-SHADE,curr_p_best,bin,low,low,high,71.7,78.3,72.6,71.9,93.6,74.1,74.8,75.1,,3647,1536,4134,3075,572,1254,468,1108,15794
L-SHADE,curr_p_best,bin,low,high,high,71.8,78.2,73.2,73.4,93.3,74.4,73,73.1,,3136,2760,3888,2480,704,1218,492,1150,15828
JDE,curr_p_best,bin,low,mid,mid,71.7,78.2,73.1,72.2,90.6,75.2,87.1,88.1,,3647,2760,3930,2945,1268,1098,57,190,15895
MAB-SHADE,None,interm,low,mid,high,71.6,77.9,74.6,77.9,89.9,60.7,81.8,83.3,,4060,4600,2910,270,1392,1797,325,552,15906
L-SHADE,rand/1,bin,low,high,low,72,78.5,71.6,71.2,76.7,58.1,55.6,77.2,,2079,184,4422,3220,2648,1854,612,1022,16041
JADE,rand/1,bin,mid,low,mid,71.6,78.3,76.4,69.2,85.5,62.3,53,58.5,,4060,1536,1350,3520,1980,1779,619,1258,16102
SHADE,rand/1,bin,mid,mid,high,71.5,78.3,75.1,72.2,91,66.3,53.2,59.2,,4389,1536,2544,2945,1196,1647,618,1248,16123
SHADE,rand/1,bin,mid,high,low,72,78.3,73.2,72.2,83.6,66.2,48.7,64.1,,2079,1536,3888,2945,2152,1656,637,1238,16131
JADE,rand/1,bin,mid,high,low,71.8,78.6,73,73.2,76.8,59,49.8,54.8,,3136,72,4050,2545,2628,1812,628,1286,16157
SAMDE,None,bin,low,low,high,70.7,78,76.5,76.7,88.3,73.1,67.2,69.6,,5180,4296,1200,745,1632,1356,557,1194,16160
MAB-SHADE,None,interm,mid,mid,low,72,78.2,71.7,73.5,86.3,53.4,83.5,84.9,,2079,2760,4410,2435,1880,1935,264,430,16193
JDE,curr_p_best,bin,low,high,low,71.5,78.4,71.5,71.6,84.9,72.9,85.6,89.3,,4389,616,4434,3135,2028,1374,142,76,16194
MAB-SHADE,None,interm,low,high,high,71.8,78.1,71.7,76,87.4,73.8,84.7,84.1,,3136,3768,4410,1140,1752,1287,203,500,16196
L-SHADE,rand/1,bin,mid,high,low,71.7,78.3,74.5,71.8,83.7,69,77.1,81.2,,3647,1536,3048,3115,2140,1560,428,750,16224
JADE,rand/1,bin,mid,mid,mid,71.5,78.4,75.2,72.4,81.4,63,52.8,56.4,,4389,616,2394,2900,2272,1758,620,1276,16225
JADE,rand/1,bin,high,mid,mid,72,78.3,74.2,70.4,78.6,63.5,61.6,65.1,,2079,1536,3228,3395,2444,1743,597,1224,16246
JADE,rand/1,bin,low,mid,high,71.7,78.4,72.2,75.5,79.9,56.8,46.4,49.7,,3647,616,4284,1430,2364,1890,673,1354,16258
SHADE,rand/1,bin,high,low,high,72.1,78.2,73.5,70.2,88.8,69.5,62.4,69.9,,1428,2760,3798,3420,1544,1548,592,1184,16274
JDE,rand/1,bin,mid,high,mid,71.2,78.3,74.8,74.1,86.4,63.7,78.8,79.9,,4907,1536,2808,2180,1864,1734,396,850,16275
JADE,rand/1,bin,low,low,mid,71.9,78.4,74.1,71,79,58.1,45,47.5,,2674,616,3336,3270,2424,1854,698,1410,16282
SHADE,curr_p_best,bin,low,high,mid,71.4,78.3,71,72.1,94.6,74.5,82.1,79.8,,4627,1536,4476,2990,288,1200,316,856,16289
JADE,rand/1,bin,mid,high,mid,71.7,78.3,74.4,73.9,83.8,63.9,52.3,56.8,,3647,1536,3120,2260,2120,1728,622,1270,16303
L-SHADE,degl,bin,low,high,high,71.6,77.5,74.2,77.4,93.2,75.7,63,74.4,,4060,5096,3228,465,736,1056,588,1120,16349
SHADE,curr_p_best,bin,low,high,high,71.3,78.3,73.6,72.1,93.4,74.3,78.9,76.2,,4767,1536,3738,2990,668,1227,391,1072,16389
SHADE,rand/1,bin,high,high,mid,71.8,78.3,73.9,72,86.3,71.7,59.9,65,,3136,1536,3546,3040,1880,1455,603,1226,16422
MAB-SHADE,None,bin,low,high,high,71.4,77.9,74.8,75.2,94.2,77.1,77.3,76.2,,4627,4600,2808,1580,384,951,422,1072,16444
SAMDE,None,bin,low,low,mid,70.8,77.9,76.5,76.7,88.3,70.2,70.7,71.6,,5138,4600,1200,745,1632,1527,518,1166,16526
JDE,rand/1,interm,low,high,high,71.8,78.2,73.1,72.1,85.6,71.3,86.2,87.9,,3136,2760,3930,2990,1964,1485,103,202,16570
MAB-SHADE,None,interm,mid,low,high,72,77.9,76,68.8,79.9,68,81.3,85.5,,2079,4600,1674,3560,2364,1596,336,392,16601
JDE,rand/1,interm,low,mid,mid,71.4,78.3,73.5,71.6,86.3,71.5,87.5,88.9,,4627,1536,3798,3135,1880,1470,45,112,16603
JDE,rand/1,bin,mid,low,mid,71.1,78.4,74,72.8,86.6,62.9,80.7,81.2,,5019,616,3468,2785,1844,1770,353,750,16605
JDE,rand/1,bin,mid,mid,low,71.5,78.4,71.9,73.8,84.2,63.7,77.6,80.1,,4389,616,4368,2340,2092,1734,420,830,16789
SHADE,degl,bin,low,mid,high,71.6,78.1,74.2,73.8,93,77.3,65.2,75.6,,4060,3768,3228,2340,816,924,571,1094,16801
L-SHADE,rand/1,bin,low,mid,mid,71.7,78.5,73.6,71,79.4,55.9,62.2,75.2,,3647,184,3738,3270,2400,1905,593,1102,16839
SAMDE,None,interm,high,high,low,72.2,77.7,74.8,75.2,75.4,56.6,47.8,56.8,,973,4944,2808,1580,2808,1893,649,1270,16925
SHADE,rand/1,bin,mid,mid,low,71.5,78.3,73.8,74.5,84.4,68.8,48,76.3,,4389,1536,3642,2020,2068,1563,646,1064,16928
SAMDE,None,interm,mid,low,mid,72.2,76.8,77.9,69.8,75.6,47.9,45.9,51.6,,973,5296,384,3475,2784,2040,682,1324,16958
MAB-SHADE,None,bin,mid,mid,high,71.2,78,72.5,75,95.3,83,78.9,77.9,,4907,4296,4176,1760,192,270,391,982,16974
JDE,degl,interm,low,high,mid,71.9,78.1,72.8,74.1,87.3,75.1,77.2,78.1,,2674,3768,4110,2180,1764,1107,425,970,16998
JDE,rand/1,bin,mid,mid,mid,71.4,78.3,74.2,72.8,85.9,63.4,81.1,80.1,,4627,1536,3228,2785,1908,1749,338,830,17001
JADE,degl,bin,high,high,mid,71.8,77.6,73.5,75,88.8,80.3,70.4,83.1,,3136,5032,3798,1760,1544,645,522,572,17009
SAMDE,None,interm,mid,high,high,72.8,76.5,76.5,70.4,76.1,48.9,39,54.4,,266,5376,1200,3395,2720,2010,753,1292,17012
JDE,rand/1,bin,mid,high,low,71.6,78.3,74.4,70.5,85.8,63.1,78.1,79.1,,4060,1536,3120,3380,1932,1752,413,900,17093
SAMDE,None,interm,high,low,mid,72,76,75.8,76,77.3,50.2,49.2,54.3,,2079,5504,1884,1140,2580,1983,634,1294,17098
L-SHADE,curr_p_best,bin,low,low,mid,71.8,78.1,72.6,71.9,94.4,73.7,78.7,77.8,,3136,3768,4134,3075,320,1296,399,990,17118
SAMDE,None,interm,high,mid,high,72.1,74.8,76.5,74.2,76.6,50.9,46.2,55.9,,1428,5824,1200,2125,2660,1965,678,1280,17160
JADE,degl,interm,high,high,high,73.1,74.1,77.5,70.5,74.5,40.2,46.5,53.3,,210,5976,552,3380,2880,2253,671,1304,17226
SHADE,degl,bin,high,high,mid,71.8,77.7,73,74.4,87.5,84.3,70.1,82.4,,3136,4944,4050,2065,1736,138,530,634,17233
L-SHADE,rand/1,bin,low,low,low,71.6,78.6,71.1,72.9,79.1,58.4,56.1,76.1,,4060,72,4440,2730,2420,1845,611,1076,17254
L-SHADE,degl,interm,low,low,low,72.1,77.2,77.6,69.4,77.8,49.4,45.5,43.4,,1428,5208,486,3490,2520,2007,687,1480,17306
L-SHADE,rand/1,bin,low,mid,low,71.9,78.3,73.6,71,77.1,57.9,57.6,76.6,,2674,1536,3738,3270,2596,1866,607,1048,17335
SHADE,rand/1,bin,mid,low,low,71.5,78.5,71.6,72.8,82.5,69.9,49.5,69.8,,4389,184,4422,2785,2212,1530,631,1186,17339
L-SHADE,degl,interm,high,low,high,72.7,74.5,77.4,66.6,76.1,46,46.8,50.6,,308,5888,612,3765,2720,2106,661,1338,17398
SAMDE,None,bin,low,mid,mid,71.8,78.1,72.3,75.4,88.5,71.7,69.8,72,,3136,3768,4266,1490,1588,1455,531,1164,17398
SHADE,rand/1,bin,low,mid,high,71.5,78.5,74.5,71.5,77.1,57,45.3,46.2,,4389,184,3048,3175,2596,1881,693,1440,17406
SHADE,rand/1,bin,low,low,mid,71.6,78.5,72,73.2,76.4,57.5,43.2,76.3,,4060,184,4314,2545,2700,1869,723,1064,17459
JDE,rand/1,bin,mid,low,high,71,78.3,73.5,72.8,89.7,62.6,81.9,80.6,,5082,1536,3798,2785,1412,1776,320,794,17503
MAB-SHADE,None,interm,low,low,high,72.6,77.7,73.1,68.3,86.7,54.2,78.5,83.1,,343,4944,3930,3635,1840,1929,407,572,17600
SHADE,degl,interm,high,high,high,73.3,73.7,77.5,68,73.7,39.7,45.9,50,,182,6024,552,3660,2932,2259,682,1348,17639
JDE,rand/1,bin,low,mid,mid,71.3,78.3,75.4,71.6,78.4,58.8,67.8,71,,4767,1536,2256,3135,2468,1830,553,1176,17721
JDE,rand/1,bin,mid,low,low,71.4,78.3,72.4,73.5,84.9,63.1,78.9,80,,4627,1536,4218,2435,2028,1752,391,840,17827
JADE,rand/1,bin,mid,mid,low,71.7,78.3,71.1,74.1,79.2,65.2,48.7,54.6,,3647,1536,4440,2180,2412,1695,637,1290,17837
JADE,rand/1,bin,mid,high,high,71.7,78.2,74.1,73.4,84.2,64.9,53.6,58.9,,3647,2760,3336,2480,2092,1701,617,1254,17887
L-SHADE,rand/1,bin,low,low,high,71.5,78.4,71.1,72.9,83,58.8,67.8,73.4,,4389,616,4440,2730,2192,1830,553,1144,17894
SHADE,rand/1,bin,low,low,high,71.3,78.5,72,73.2,82.1,55.2,45.5,57.8,,4767,184,4314,2545,2232,1923,687,1262,17914
SHADE,rand/1,bin,low,low,low,71.3,78.5,72,73.2,78.6,57.5,43.1,75.4,,4767,184,4314,2545,2444,1869,725,1100,17948
MAB-SHADE,None,interm,low,low,low,72.7,77.9,73.1,68.3,87.6,44.3,79.3,60.5,,308,4600,3930,3635,1720,2148,381,1244,17966
JADE,degl,interm,high,low,high,72.1,74.2,78.1,68,76.8,48.3,47.2,53,,1428,5968,300,3660,2628,2028,658,1308,17978
L-SHADE,rand/1,bin,low,low,mid,71.6,78.4,71.1,72.9,76.6,58.9,62.1,75.2,,4060,616,4440,2730,2660,1821,594,1102,18023
JADE,curr_p_best,bin,low,mid,mid,71.5,78.1,73.9,70.6,92.9,75.2,83.2,81.4,,4389,3768,3546,3365,852,1098,274,734,18026
SAMDE,None,interm,mid,mid,high,72.5,75.6,75,72.1,79.4,50.7,39.7,54,,441,5584,2616,2990,2400,1977,751,1298,18057
SAMDE,None,interm,high,low,high,72.6,75,75.8,70,77.4,46.8,44.9,56.7,,343,5768,1884,3450,2568,2076,701,1274,18064
JADE,rand/1,bin,mid,mid,high,71.6,78.3,73.1,72.4,85.2,59.4,53.8,58.8,,4060,1536,3930,2900,2012,1806,615,1256,18115
JADE,rand/1,bin,mid,low,low,71.4,78.4,73.8,67.9,85.9,63,49.5,55.7,,4627,616,3642,3680,1908,1758,631,1282,18144
JADE,curr_p_best,bin,low,high,mid,71.2,78.1,73.4,74.4,90.8,73.5,83,81.4,,4907,3768,3870,2065,1224,1335,283,734,18186
JADE,degl,interm,mid,mid,low,72.1,75.6,75.6,73.9,73.2,49.9,47.6,48.8,,1428,5584,2028,2260,2960,1989,651,1378,18278
L-SHADE,rand/1,bin,low,high,high,71.7,78.3,72.2,72.4,79.2,57.1,69.4,74,,3647,1536,4284,2900,2412,1878,534,1128,18319
JDE,rand/1,bin,low,high,mid,71.7,78.2,74.1,73.5,78,55.8,67,70.4,,3647,2760,3336,2435,2496,1908,559,1180,18321
JDE,rand/1,bin,low,low,high,71.1,78.4,72.9,72.5,81.1,59.6,72.7,70.2,,5019,616,4080,2860,2288,1803,496,1182,18344
SAMDE,None,interm,high,high,high,71.9,75.3,77.9,72.3,76.1,46.6,43.8,57.8,,2674,5664,384,2940,2720,2082,716,1262,18442
SAMDE,None,interm,mid,low,low,71.8,77.3,77.3,66.9,84.5,52.4,50.7,52.1,,3136,5192,666,3760,2052,1950,626,1316,18698
SHADE,rand/1,bin,low,mid,low,71.4,78.6,72.1,68.5,77.6,56.9,44.7,77.7,,4627,72,4296,3595,2544,1887,702,1000,18723
SHADE,rand/1,bin,mid,low,high,71.7,78.2,72.9,71.8,88.9,64.2,54.2,58.4,,3647,2760,4080,3115,1536,1713,614,1260,18725
JDE,rand/1,bin,low,mid,high,71.2,78.4,73.6,69.9,77.8,58.9,71,71.5,,4907,616,3738,3460,2520,1821,515,1172,18749
JDE,rand/1,bin,low,low,low,71.6,78.3,72.9,72.5,77.3,56.5,66,68.6,,4060,1536,4080,2860,2580,1899,563,1206,18784
SHADE,rand/1,bin,low,mid,mid,71.6,78.4,72.1,68.5,78.5,57.2,42.8,69.7,,4060,616,4296,3595,2460,1875,732,1188,18822
L-SHADE,degl,interm,high,low,mid,71.9,75.5,78.9,69.1,74,45.9,50.1,51.3,,2674,5600,126,3535,2916,2109,627,1332,18919
SAMDE,None,bin,low,mid,low,71.7,77.9,72.3,75.4,86.8,71.2,75.3,73.2,,3647,4600,4266,1490,1828,1491,456,1148,18926
JADE,degl,interm,high,low,mid,71.9,77.1,77,68.1,78.3,45.5,49.6,52.7,,2674,5232,834,3650,2480,2124,630,1310,18934
JDE,rand/1,bin,mid,mid,high,71.6,78.2,72.5,71.4,85.7,62.7,81.5,81.2,,4060,2760,4176,3200,1952,1773,332,750,19003
SHADE,rand/1,bin,low,high,low,71.3,78.5,71.9,69.4,77.3,55,44.4,77.4,,4767,184,4368,3490,2580,1926,705,1012,19032
SAMDE,None,interm,high,low,low,71.8,76.5,75.6,74.4,76.6,58.2,47.5,57,,3136,5376,2028,2065,2660,1851,655,1268,19039
JADE,degl,interm,mid,low,low,71.8,77,76.9,71.2,77.9,47.8,47.3,50.1,,3136,5248,918,3220,2500,2043,657,1344,19066
JADE,rand/1,bin,low,high,low,71.6,78.4,70.5,69.4,80.6,56.6,40.8,45.5,,4060,616,4506,3490,2328,1893,744,1452,19089
SHADE,degl,interm,high,mid,low,72,75.5,75.6,73,75.5,47.1,48.2,50.2,,2079,5600,2028,2655,2788,2064,643,1342,19199
L-SHADE,degl,interm,high,mid,low,70.8,77,77.2,76,74.9,44.7,49,49,,5138,5248,684,1140,2848,2139,635,1368,19200
JADE,degl,interm,mid,low,high,71.7,75.3,78.8,72.6,75.2,45.6,45.9,51.3,,3647,5664,144,2840,2828,2118,682,1332,19255
JADE,rand/1,bin,high,low,high,71.2,78.1,73.1,76.2,83.8,64.7,61.7,66,,4907,3768,3930,1045,2120,1704,596,1214,19284
MAB-SHADE,None,interm,low,high,mid,71.1,77.6,74.6,75,85.1,52.6,83.7,84.9,,5019,5032,2910,1760,2016,1944,254,430,19365
SHADE,degl,interm,high,mid,high,71.9,75.7,77.1,68.4,77.9,39.9,47.5,48.7,,2674,5544,750,3615,2500,2256,655,1380,19374
JADE,degl,interm,high,high,low,71.8,74.4,76.8,72.9,76.4,49.7,49.7,53.8,,3136,5920,990,2730,2700,1998,629,1300,19403
JADE,rand/1,bin,mid,low,high,71.6,78.2,73,73.1,79.9,63,54.7,59,,4060,2760,4050,2610,2364,1758,613,1250,19465
JADE,degl,interm,high,high,mid,72,74.5,76.5,70.4,73.7,48.4,49.3,52.1,,2079,5888,1200,3395,2932,2025,633,1316,19468
JDE,rand/1,bin,low,mid,low,71.2,78.2,75.4,71.6,75.3,58.4,64.2,68.9,,4907,2760,2256,3135,2816,1845,580,1198,19497
SHADE,rand/1,bin,low,high,high,71.5,78.4,70.5,65.2,80.9,59,45,46.6,,4389,616,4506,3775,2296,1812,698,1432,19524
MAB-SHADE,None,interm,low,mid,low,71.7,77.8,75.8,71,77.8,45,85.1,65.7,,3647,4792,1884,3270,2520,2133,181,1216,19643
JDE,rand/1,bin,low,low,mid,71.6,78.2,72.9,72.5,78.8,58,69.2,68.7,,4060,2760,4080,2860,2436,1863,539,1204,19802
JADE,rand/1,bin,low,mid,low,71.3,78.4,71.1,67.9,78.6,55.4,41.6,46.9,,4767,616,4440,3680,2444,1917,741,1420,20025
SHADE,degl,interm,high,low,high,71.9,74.7,76.9,69.2,75.1,43.6,43,49,,2674,5872,918,3520,2840,2172,728,1368,20092
JADE,degl,interm,low,high,low,71.6,76.2,79.1,71.5,72.8,41.8,46.7,43.7,,4060,5456,102,3175,2968,2232,666,1474,20133
L-SHADE,rand/1,bin,low,high,mid,71.3,78.2,73.1,72.5,80.2,59.1,62.7,75.6,,4767,2760,3930,2860,2356,1809,590,1094,20166
JADE,degl,interm,high,low,low,71.4,76.7,76.6,73.1,76.2,52.6,51.9,52.3,,4627,5312,1086,2610,2716,1944,623,1312,20230
L-SHADE,rand/1,bin,low,mid,high,71.4,78.3,69,68.4,78.4,59,68.1,73.6,,4627,1536,4536,3615,2468,1812,549,1142,20285
JADE,degl,bin,low,high,high,71.6,77.8,69.1,73,89,74.4,63.5,77.7,,4060,4792,4524,2655,1516,1218,583,1000,20348
JADE,rand/1,bin,low,high,mid,71.3,78.3,72.6,68.5,80.4,58.5,43.9,46.8,,4767,1536,4134,3595,2344,1842,715,1424,20357
L-SHADE,degl,interm,high,mid,mid,71.8,75.1,76.6,68.5,75.9,42.6,47.8,51.5,,3136,5744,1086,3595,2748,2220,649,1326,20504
SAMDE,None,interm,high,mid,low,71.5,75.4,77.3,67.9,81.4,50.6,48.4,59,,4389,5648,666,3680,2272,1980,640,1250,20525
JDE,rand/1,bin,low,high,low,71.3,78.3,71,71.1,74.4,57,64.4,69.7,,4767,1536,4476,3250,2892,1881,578,1188,20568
JADE,degl,interm,mid,high,low,71,76.2,75.5,76.8,72.4,44.8,48.2,49.5,,5082,5456,2178,715,2996,2136,643,1364,20570
JDE,rand/1,bin,low,high,high,71.3,78.1,74.5,72.4,77.5,58.1,71.4,69.7,,4767,3768,3048,2900,2556,1854,510,1188,20591
MAB-SHADE,None,interm,low,low,mid,71.9,77.6,73.1,68.3,86.9,50.9,80.8,63.4,,2674,5032,3930,3635,1812,1965,348,1242,20638
SAMDE,None,interm,mid,high,low,72,76.3,74,72.1,75.5,49.8,47.6,53.3,,2079,5432,3468,2990,2788,1995,651,1304,20707
SHADE,degl,interm,mid,mid,low,71.3,77.4,77.4,70.1,76.6,47.5,46.6,47.6,,4767,5144,612,3445,2660,2049,668,1406,20751
JADE,degl,interm,low,low,high,72.3,75,73.8,70.8,72.8,44.5,40.6,44,,700,5768,3642,3330,2968,2142,746,1472,20768
SHADE,rand/1,bin,high,high,low,71.6,78.1,72.4,70.9,84.1,69.7,57.3,67.8,,4060,3768,4218,3320,2112,1539,609,1210,20836
L-SHADE,degl,interm,high,low,low,71.5,76.9,76.4,72.2,74.5,46.3,45.8,49.6,,4389,5272,1350,2945,2880,2094,685,1360,20975
SHADE,degl,interm,low,high,low,71.1,76.7,77.4,71.6,75.9,46.1,43,43.6,,5019,5312,612,3135,2748,2100,728,1478,21132
JADE,rand/1,bin,low,mid,mid,71.4,78.3,71.1,67.9,75,56.3,43.3,47.9,,4627,1536,4440,3680,2844,1902,720,1402,21151
L-SHADE,degl,interm,high,high,mid,71.8,74.5,76.1,70.2,75.9,39.3,46.6,46.7,,3136,5888,1614,3420,2748,2262,668,1430,21166
SAMDE,None,interm,low,mid,low,71.2,76.5,77.1,71,74,51,46.3,48.7,,4907,5376,750,3270,2916,1962,676,1380,21237
SAMDE,None,interm,high,mid,mid,70.3,76.7,77.3,70.2,76.8,48.1,45.5,55.3,,5264,5312,666,3420,2628,2034,687,1284,21295
SAMDE,None,interm,low,high,low,71.5,74.8,76.5,72.1,71.2,53.6,45.1,49,,4389,5824,1200,2990,3024,1932,695,1368,21422
JADE,degl,interm,high,mid,high,71.6,73.9,77,70.2,72.8,40.4,48.5,51.7,,4060,6016,834,3420,2968,2250,639,1322,21509
SHADE,degl,interm,high,high,mid,71.5,74.8,76.4,70.8,80.5,42,42.9,49.6,,4389,5824,1350,3330,2336,2226,730,1360,21545
JADE,rand/1,bin,low,high,high,71.4,78.2,69.1,71.5,77.8,55.7,45.1,48.6,,4627,2760,4524,3175,2520,1911,695,1386,21598
JADE,degl,interm,mid,high,high,69.8,74.8,76.9,73,75.5,46.4,44.3,50.7,,5285,5824,918,2655,2788,2088,707,1336,21601
L-SHADE,degl,interm,mid,high,mid,71.7,75.2,75.6,70.8,77.9,40.8,44.3,44.3,,3647,5720,2028,3330,2500,2247,707,1466,21645
SAMDE,None,interm,low,mid,mid,71.1,76.3,77.1,71,72.2,48,44.1,47.2,,5019,5432,750,3270,3016,2037,711,1416,21651
L-SHADE,degl,interm,low,low,high,70.9,76.2,77.6,69.4,76.1,43.7,42.4,43.1,,5117,5456,486,3490,2720,2169,735,1482,21655
SAMDE,None,interm,mid,low,high,71.5,74.8,76.7,69.8,74.4,53.4,40,51.4,,4389,5824,1068,3475,2892,1935,749,1328,21660
SAMDE,None,interm,low,mid,high,71.7,76.8,75.2,67.1,78.5,49.9,39.4,47.6,,3647,5296,2394,3735,2460,1989,752,1406,21679
JADE,degl,interm,high,mid,low,70.9,74.1,76.4,72.6,79.7,46.8,45.5,51.4,,5117,5976,1350,2840,2388,2076,687,1328,21762
SAMDE,None,interm,low,high,mid,71.7,75.3,72.3,75.6,76.6,47,41.9,48.9,,3647,5664,4266,1380,2660,2070,739,1376,21802
SAMDE,None,interm,mid,mid,mid,71.7,75.7,75.6,65.6,75.2,50.8,43.1,51.8,,3647,5544,2028,3770,2828,1974,725,1320,21836
SAMDE,None,interm,mid,mid,low,71.3,77.4,73.8,74.4,79.8,52.8,46.8,52.3,,4767,5144,3642,2065,2380,1941,661,1312,21912
SHADE,degl,interm,high,low,mid,71.7,75.5,74.8,72.4,74.7,47.1,46.8,49,,3647,5600,2808,2900,2868,2064,661,1368,21916
SHADE,degl,interm,high,high,low,71.8,77.1,71.8,73.8,76.6,43.5,45.6,48,,3136,5232,4392,2340,2660,2187,686,1400,22033
L-SHADE,degl,interm,low,low,mid,70.7,76,77.6,69.4,72.6,42.7,45.5,41.8,,5180,5504,486,3490,2984,2214,687,1494,22039
L-SHADE,degl,interm,mid,mid,high,70.9,74.6,77.6,68.6,76,41.2,44.7,48.5,,5117,5880,486,3590,2740,2244,702,1390,22149
JADE,degl,interm,mid,low,mid,71.5,75.7,75.8,69.1,75.2,50,48.2,49.7,,4389,5544,1884,3535,2828,1986,643,1354,22163
SHADE,degl,interm,high,low,low,71.7,74.1,75.1,71.8,75.4,45.9,48.4,48.7,,3647,5976,2544,3115,2808,2109,640,1380,22219
L-SHADE,degl,interm,high,high,high,70.5,74.3,77.5,70,75.7,37.1,47.6,50.1,,5229,5952,552,3450,2780,2268,651,1344,22226
JADE,degl,interm,mid,mid,mid,71.2,74.4,75.9,72.2,78.2,47.3,42.9,48.1,,4907,5920,1812,2945,2488,2052,730,1398,22252
SAMDE,None,interm,low,low,low,71.2,76.7,76.2,67.9,73.9,49.6,48.8,45,,4907,5312,1476,3680,2924,2001,636,1460,22396
L-SHADE,degl,interm,mid,high,low,71.8,76.5,69.6,73.8,74.3,47.3,43.8,46.6,,3136,5376,4518,2340,2900,2052,716,1432,22470
L-SHADE,degl,interm,low,mid,low,71.3,76.7,75.5,71.2,74.5,47.6,43.1,43.7,,4767,5312,2178,3220,2880,2046,725,1474,22602
L-SHADE,degl,interm,mid,low,low,71.2,77.5,75.1,70.6,76.8,48.6,48.4,47.7,,4907,5096,2544,3365,2628,2022,640,1404,22606
L-SHADE,degl,interm,mid,mid,mid,71.8,74.9,74.2,70.4,74.3,44.2,48,47.4,,3136,5800,3228,3395,2900,2154,646,1412,22671
L-SHADE,degl,interm,low,high,high,71.3,75.8,75.1,72.9,76.7,42.7,41.1,37.3,,4767,5528,2544,2730,2648,2214,743,1512,22686
L-SHADE,degl,interm,low,mid,mid,71.5,75.1,75.5,71.2,75.3,43.6,45,43.1,,4389,5744,2178,3220,2816,2172,698,1482,22699
SAMDE,None,interm,mid,high,mid,71.2,76.2,74.6,72.7,77.6,48.7,40.8,54.2,,4907,5456,2910,2830,2544,2016,744,1296,22703
SAMDE,None,interm,low,low,mid,69.5,76.6,76.2,67.9,73.7,50.9,42,46.9,,5292,5352,1476,3680,2932,1965,738,1420,22855
SAMDE,None,interm,low,low,high,70.8,76.4,76.2,67.9,72.4,48.7,41.9,46.1,,5138,5416,1476,3680,2996,2016,739,1442,22903
L-SHADE,degl,interm,mid,mid,low,71,75.5,76.2,64.4,74.8,48.3,46.2,46.5,,5082,5600,1476,3780,2864,2028,678,1436,22944
L-SHADE,degl,interm,mid,high,high,70.8,75,76.6,67.6,73.5,42.9,47,46.1,,5138,5768,1086,3715,2952,2199,659,1442,22959
SHADE,degl,interm,mid,mid,mid,70.6,76.6,76.2,68.1,72.6,45.2,44.2,44.5,,5222,5352,1476,3650,2984,2130,710,1464,22988
L-SHADE,degl,interm,low,high,low,71.3,74.4,75.4,71.1,76.9,47.2,46.7,39.2,,4767,5920,2256,3250,2616,2061,666,1504,23040
L-SHADE,degl,interm,low,high,mid,71.2,75.7,76,69.1,72.8,42.2,43.3,39,,4907,5544,1674,3535,2968,2223,720,1506,23077
L-SHADE,degl,interm,high,high,low,71.5,76.5,73.8,71.9,78.4,46.4,45.4,48.2,,4389,5376,3642,3075,2468,2088,692,1396,23126
SHADE,degl,interm,mid,high,high,70.7,73.4,75.8,71.9,77,41.5,47.9,45.5,,5180,6040,1884,3075,2608,2241,648,1452,23128
SHADE,degl,interm,low,mid,high,70.7,74.9,75.8,71.2,75.5,43.3,40.2,37.6,,5180,5800,1884,3220,2788,2190,747,1510,23319
SHADE,degl,interm,mid,high,low,71.2,75.7,74.9,72.1,72.4,43.9,43.3,45.6,,4907,5544,2694,2990,2996,2163,720,1450,23464
SHADE,degl,interm,low,low,low,71.5,76.3,74.1,68.8,76.6,47.3,43.5,42.6,,4389,5432,3336,3560,2660,2052,718,1486,23633
SHADE,degl,interm,mid,mid,high,71.2,73.5,75.6,68.9,73.5,43,44.6,50,,4907,6032,2028,3550,2952,2193,704,1348,23714
SHADE,degl,interm,mid,high,mid,71.3,75.3,74.9,69.2,74.7,43,44.3,48.6,,4767,5664,2694,3520,2868,2193,707,1386,23799
SHADE,degl,interm,low,high,mid,71,75.8,75.1,67.1,75.9,44.3,40.2,41.5,,5082,5528,2544,3735,2748,2148,747,1496,24028
JADE,degl,interm,low,low,low,71.5,76.1,73.8,70.8,72.4,45.3,47.6,47.4,,4389,5488,3642,3330,2996,2127,651,1412,24035
JADE,degl,interm,low,mid,mid,71.6,74.5,73.8,69.9,75.8,42.9,43.5,47.2,,4060,5888,3642,3460,2764,2199,718,1416,24147
JADE,degl,interm,mid,high,mid,70.8,75.2,75,67.6,75.3,45.6,46.1,49.2,,5138,5720,2616,3715,2816,2118,680,1366,24169
SHADE,degl,interm,mid,low,high,71.1,75.2,74.8,68,75.5,43.6,46.8,48.3,,5019,5720,2808,3660,2788,2172,661,1392,24220
JADE,degl,interm,low,high,mid,71.2,76.1,74.8,67.6,73.8,41.9,42.6,44.6,,4907,5488,2808,3715,2928,2229,734,1462,24271
JADE,degl,interm,mid,mid,high,70.3,73.4,75.1,70.9,72.4,46.2,46.8,49.7,,5264,6040,2544,3320,2996,2097,661,1354,24276
SHADE,degl,interm,high,mid,mid,71.1,74.9,73.6,72.8,75.8,43.6,45.2,48.3,,5019,5800,3738,2785,2764,2172,694,1392,24364
JADE,degl,interm,low,low,mid,71.4,75.5,73.8,70.8,74.7,44.2,44.4,44.2,,4627,5600,3642,3330,2868,2154,705,1468,24394
SAMDE,None,interm,low,high,high,71.1,76.9,73.8,71.2,74.9,44.1,34.4,39.5,,5019,5272,3642,3220,2848,2160,756,1502,24419
L-SHADE,degl,interm,low,mid,high,70.7,75,74.6,69.4,76.3,42.9,43.2,42.4,,5180,5768,2910,3490,2712,2199,723,1488,24470
JADE,degl,interm,low,mid,high,71,76,73,73.6,72.2,42.9,37.7,42.3,,5082,5504,4050,2380,3016,2199,755,1490,24476
L-SHADE,degl,interm,high,mid,high,71.7,74.1,72.6,68.8,72.5,41.6,46.1,49.8,,3647,5976,4134,3560,2992,2238,680,1352,24579
SHADE,degl,interm,mid,low,low,70.4,76.4,74.1,67.5,74.9,46.5,46.4,46.8,,5243,5416,3336,3730,2848,2085,673,1424,24755
SHADE,degl,interm,low,high,high,71.4,74.8,73.9,70.8,74.2,39,38.9,38.8,,4627,5824,3546,3330,2912,2265,754,1508,24766
SHADE,degl,interm,low,mid,low,71.6,75.5,72.4,67.1,73.7,46.1,46.3,42.1,,4060,5600,4218,3735,2932,2100,676,1492,24813
JADE,degl,interm,low,mid,low,71.1,75.3,73.8,69.9,73.2,49.5,46.9,46,,5019,5664,3642,3460,2960,2004,660,1446,24855
SHADE,degl,interm,low,low,high,70.5,75.3,74.1,68.8,75.8,47,41.2,41.3,,5229,5664,3336,3560,2764,2070,742,1500,24865
L-SHADE,degl,interm,mid,low,high,70.7,75.1,73.6,68,76.9,48.8,46.5,46.5,,5180,5744,3738,3660,2616,2013,671,1436,25058
SHADE,degl,interm,low,low,mid,70.4,75.3,74.1,68.8,73.7,41.7,42.1,41.4,,5243,5664,3336,3560,2932,2235,737,1498,25205
JADE,degl,interm,low,high,high,70.1,74.3,73.1,70.8,80.2,43.8,39.9,44.1,,5278,5952,3930,3330,2356,2166,750,1470,25232
SHADE,degl,interm,mid,low,mid,70.8,74.4,73.5,68.4,76,43.6,44,45.8,,5138,5920,3798,3615,2740,2172,712,1448,25543
SHADE,degl,interm,low,mid,mid,70.4,76.9,72.4,67.1,74.9,42.9,44,45.5,,5243,5272,4218,3735,2848,2199,712,1452,25679
L-SHADE,degl,interm,mid,low,mid,71.2,74,71.8,67.1,74.3,45.9,46.6,46.8,,4907,6008,4392,3735,2900,2109,668,1424,26143
,,,,,,7.09999999999999,5.39999999999999,12.7,15.5,25.7,49.1,55,53.1,,,,,,,,,,
,,,,,,7,8,6,5,4,3,1,2,,,,,,,,,,
