dataset,evolution_method,mutation,crossover,generations,sub_gens,batch_size,batch_offset,number_parents,clamp_min,clamp_max,accuracy
qsar_normalized,SAMDE,None,bin,2000,3,10,5,123,-1.000000000,1.000000000,0.797916667
qsar_normalized,SAMDE,None,bin,2000,10,20,20,123,-1.000000000,1.000000000,0.791666667
qsar_normalized,MAB-SHADE,None,bin,2000,5,20,20,123,-1.000000000,1.000000000,0.787500000
qsar_normalized,MAB-SHADE,None,interm,2000,1,20,5,123,-1.000000000,1.000000000,0.785416667
qsar_normalized,MAB-SHADE,None,interm,2000,5,20,10,123,-1.000000000,1.000000000,0.785416667
qsar_normalized,MAB-SHADE,None,interm,2000,5,40,10,123,-1.000000000,1.000000000,0.783333333
qsar_normalized,MAB-SHADE,None,interm,2000,20,40,40,123,-1.000000000,1.000000000,0.783333333
qsar_normalized,SAMDE,None,bin,2000,1,40,10,123,-1.000000000,1.000000000,0.783333333
qsar_normalized,SAMDE,None,bin,2000,10,40,40,123,-1.000000000,1.000000000,0.783333333
qsar_normalized,MAB-SHADE,None,interm,2000,5,40,20,123,-1.000000000,1.000000000,0.781250000
qsar_normalized,SAMDE,None,bin,2000,3,20,5,123,-1.000000000,1.000000000,0.781250000
qsar_normalized,SAMDE,None,bin,2000,5,20,20,123,-1.000000000,1.000000000,0.781250000
qsar_normalized,MAB-SHADE,None,bin,2000,3,20,5,123,-1.000000000,1.000000000,0.779166667
qsar_normalized,MAB-SHADE,None,interm,2000,3,10,5,123,-1.000000000,1.000000000,0.779166667
qsar_normalized,SAMDE,None,bin,2000,20,40,40,123,-1.000000000,1.000000000,0.779166667
qsar_normalized,SAMDE,None,bin,2000,5,40,10,123,-1.000000000,1.000000000,0.777083333
qsar_normalized,MAB-SHADE,None,bin,2000,5,40,20,123,-1.000000000,1.000000000,0.775000000
qsar_normalized,MAB-SHADE,None,interm,2000,5,20,20,123,-1.000000000,1.000000000,0.775000000
qsar_normalized,MAB-SHADE,None,interm,2000,3,40,10,123,-1.000000000,1.000000000,0.772916667
qsar_normalized,MAB-SHADE,None,interm,2000,10,40,20,123,-1.000000000,1.000000000,0.772916667
qsar_normalized,MAB-SHADE,None,interm,2000,10,40,40,123,-1.000000000,1.000000000,0.772916667
qsar_normalized,MAB-SHADE,None,bin,2000,5,40,10,123,-1.000000000,1.000000000,0.772916667
qsar_normalized,MAB-SHADE,None,bin,2000,10,20,20,123,-1.000000000,1.000000000,0.770833333
qsar_normalized,MAB-SHADE,None,bin,2000,20,40,40,123,-1.000000000,1.000000000,0.770833333
qsar_normalized,SAMDE,None,bin,2000,2,40,20,123,-1.000000000,1.000000000,0.770833333
qsar_normalized,SAMDE,None,bin,2000,3,20,10,123,-1.000000000,1.000000000,0.770833333
qsar_normalized,SAMDE,None,bin,2000,10,40,20,123,-1.000000000,1.000000000,0.770833333
qsar_normalized,MAB-SHADE,None,bin,2000,3,10,5,123,-1.000000000,1.000000000,0.768750000
qsar_normalized,MAB-SHADE,None,bin,2000,1,10,2,123,-1.000000000,1.000000000,0.766666667
qsar_normalized,MAB-SHADE,None,bin,2000,1,20,10,123,-1.000000000,1.000000000,0.766666667
qsar_normalized,MAB-SHADE,None,bin,2000,10,40,40,123,-1.000000000,1.000000000,0.766666667
qsar_normalized,MAB-SHADE,None,interm,2000,10,20,20,123,-1.000000000,1.000000000,0.766666667
qsar_normalized,SAMDE,None,bin,2000,1,10,2,123,-1.000000000,1.000000000,0.766666667
qsar_normalized,SAMDE,None,bin,2000,2,10,10,123,-1.000000000,1.000000000,0.766666667
qsar_normalized,SAMDE,None,bin,2000,5,10,10,123,-1.000000000,1.000000000,0.766666667
qsar_normalized,MAB-SHADE,None,interm,2000,2,20,5,123,-1.000000000,1.000000000,0.764583333
qsar_normalized,MAB-SHADE,None,interm,2000,4,40,40,123,-1.000000000,1.000000000,0.764583333
qsar_normalized,SAMDE,None,bin,2000,3,40,10,123,-1.000000000,1.000000000,0.764583333
qsar_normalized,MAB-SHADE,None,bin,2000,1,10,10,123,-1.000000000,1.000000000,0.762500000
qsar_normalized,MAB-SHADE,None,interm,2000,3,20,10,123,-1.000000000,1.000000000,0.762500000
qsar_normalized,MAB-SHADE,None,interm,2000,5,10,10,123,-1.000000000,1.000000000,0.760416667
qsar_normalized,SAMDE,None,bin,2000,1,20,10,123,-1.000000000,1.000000000,0.760416667
qsar_normalized,SAMDE,None,interm,2000,3,40,10,123,-1.000000000,1.000000000,0.760416667
qsar_normalized,SAMDE,None,interm,2000,2,10,10,123,-1.000000000,1.000000000,0.756250000
qsar_normalized,MAB-SHADE,None,bin,2000,2,20,5,123,-1.000000000,1.000000000,0.754166667
qsar_normalized,MAB-SHADE,None,bin,2000,10,40,20,123,-1.000000000,1.000000000,0.754166667
qsar_normalized,SAMDE,None,bin,2000,1,10,5,123,-1.000000000,1.000000000,0.754166667
qsar_normalized,SAMDE,None,bin,2000,1,20,5,123,-1.000000000,1.000000000,0.754166667
qsar_normalized,SAMDE,None,bin,2000,2,20,20,123,-1.000000000,1.000000000,0.754166667
qsar_normalized,MAB-SHADE,None,interm,2000,1,10,10,123,-1.000000000,1.000000000,0.752083333
qsar_normalized,SAMDE,None,interm,2000,4,40,40,123,-1.000000000,1.000000000,0.752083333
qsar_normalized,MAB-SHADE,None,bin,2000,5,10,10,123,-1.000000000,1.000000000,0.752083333
qsar_normalized,MAB-SHADE,None,bin,2000,5,20,10,123,-1.000000000,1.000000000,0.750000000
qsar_normalized,MAB-SHADE,None,interm,2000,2,10,10,123,-1.000000000,1.000000000,0.750000000
qsar_normalized,SAMDE,None,bin,2000,4,40,40,123,-1.000000000,1.000000000,0.747916667
qsar_normalized,MAB-SHADE,None,bin,2000,1,40,10,123,-1.000000000,1.000000000,0.745833333
qsar_normalized,MAB-SHADE,None,bin,2000,4,40,40,123,-1.000000000,1.000000000,0.745833333
qsar_normalized,SAMDE,None,bin,2000,1,10,10,123,-1.000000000,1.000000000,0.745833333
qsar_normalized,MAB-SHADE,None,interm,2000,2,40,20,123,-1.000000000,1.000000000,0.743750000
qsar_normalized,SAMDE,None,interm,2000,1,20,10,123,-1.000000000,1.000000000,0.743750000
qsar_normalized,SAMDE,None,interm,2000,1,40,10,123,-1.000000000,1.000000000,0.743750000
qsar_normalized,MAB-SHADE,None,bin,2000,3,20,10,123,-1.000000000,1.000000000,0.743750000
qsar_normalized,SAMDE,None,interm,2000,10,40,20,123,-1.000000000,1.000000000,0.741666667
qsar_normalized,MAB-SHADE,None,bin,2000,2,20,20,123,-1.000000000,1.000000000,0.739583333
qsar_normalized,SAMDE,None,interm,2000,10,40,40,123,-1.000000000,1.000000000,0.737500000
qsar_normalized,MAB-SHADE,None,bin,2000,1,10,5,123,-1.000000000,1.000000000,0.735416667
qsar_normalized,MAB-SHADE,None,interm,2000,1,20,10,123,-1.000000000,1.000000000,0.735416667
qsar_normalized,SAMDE,None,bin,2000,2,20,5,123,-1.000000000,1.000000000,0.733333333
qsar_normalized,MAB-SHADE,None,bin,2000,3,40,10,123,-1.000000000,1.000000000,0.731250000
qsar_normalized,SAMDE,None,bin,2000,5,40,20,123,-1.000000000,1.000000000,0.727083333
qsar_normalized,SAMDE,None,interm,2000,5,20,20,123,-1.000000000,1.000000000,0.727083333
qsar_normalized,MAB-SHADE,None,bin,2000,1,20,5,123,-1.000000000,1.000000000,0.725000000
qsar_normalized,SAMDE,None,bin,2000,5,20,10,123,-1.000000000,1.000000000,0.725000000
qsar_normalized,SAMDE,None,interm,2000,20,40,40,123,-1.000000000,1.000000000,0.722916667
qsar_normalized,SAMDE,None,interm,2000,1,10,10,123,-1.000000000,1.000000000,0.720833333
qsar_normalized,SAMDE,None,interm,2000,2,20,20,123,-1.000000000,1.000000000,0.720833333
qsar_normalized,SAMDE,None,interm,2000,5,20,10,123,-1.000000000,1.000000000,0.720833333
qsar_normalized,MAB-SHADE,None,bin,2000,2,40,20,123,-1.000000000,1.000000000,0.716666667
qsar_normalized,MAB-SHADE,None,interm,2000,2,20,20,123,-1.000000000,1.000000000,0.714583333
qsar_normalized,SAMDE,None,interm,2000,5,10,10,123,-1.000000000,1.000000000,0.712500000
qsar_normalized,MAB-SHADE,None,interm,2000,1,10,5,123,-1.000000000,1.000000000,0.710416667
qsar_normalized,SAMDE,None,interm,2000,1,10,5,123,-1.000000000,1.000000000,0.710416667
qsar_normalized,MAB-SHADE,None,interm,2000,1,40,10,123,-1.000000000,1.000000000,0.704166667
qsar_normalized,SAMDE,None,interm,2000,10,20,20,123,-1.000000000,1.000000000,0.704166667
qsar_normalized,SAMDE,None,interm,2000,5,40,20,123,-1.000000000,1.000000000,0.702083333
qsar_normalized,SAMDE,None,interm,2000,5,40,10,123,-1.000000000,1.000000000,0.700000000
qsar_normalized,SAMDE,None,interm,2000,2,20,5,123,-1.000000000,1.000000000,0.697916667
qsar_normalized,SAMDE,None,interm,2000,3,20,5,123,-1.000000000,1.000000000,0.697916667
qsar_normalized,MAB-SHADE,None,bin,2000,2,10,10,123,-1.000000000,1.000000000,0.687500000
qsar_normalized,MAB-SHADE,None,interm,2000,3,20,5,123,-1.000000000,1.000000000,0.687500000
qsar_normalized,MAB-SHADE,None,interm,2000,1,10,2,123,-1.000000000,1.000000000,0.683333333
qsar_normalized,SAMDE,None,interm,2000,2,40,20,123,-1.000000000,1.000000000,0.679166667
qsar_normalized,SAMDE,None,interm,2000,1,10,2,123,-1.000000000,1.000000000,0.679166667
qsar_normalized,SAMDE,None,interm,2000,3,10,5,123,-1.000000000,1.000000000,0.670833333
qsar_normalized,SAMDE,None,interm,2000,1,20,5,123,-1.000000000,1.000000000,0.668750000
qsar_normalized,SAMDE,None,interm,2000,3,20,10,123,-1.000000000,1.000000000,0.656250000
qsar,SAMDE,None,bin,2000,10,40,40,123,-150.000000000,150.000000000,0.816666667
qsar,MAB-SHADE,None,bin,2000,10,40,40,123,-150.000000000,150.000000000,0.804166667
qsar,SAMDE,None,bin,2000,1,20,5,123,-150.000000000,150.000000000,0.800000000
qsar,SAMDE,None,bin,2000,3,20,10,123,-150.000000000,150.000000000,0.800000000
qsar,SAMDE,None,bin,2000,5,40,20,123,-150.000000000,150.000000000,0.795833333
qsar,MAB-SHADE,None,interm,2000,1,20,5,123,-150.000000000,150.000000000,0.793750000
qsar,MAB-SHADE,None,bin,2000,1,20,10,123,-150.000000000,150.000000000,0.789583333
qsar,SAMDE,None,bin,2000,5,40,10,123,-150.000000000,150.000000000,0.789583333
qsar,SAMDE,None,bin,2000,3,40,10,123,-150.000000000,150.000000000,0.787500000
qsar,MAB-SHADE,None,bin,2000,3,20,5,123,-150.000000000,150.000000000,0.785416667
qsar,SAMDE,None,bin,2000,5,20,10,123,-150.000000000,150.000000000,0.785416667
qsar,MAB-SHADE,None,interm,2000,20,40,40,123,-150.000000000,150.000000000,0.783333333
qsar,SAMDE,None,bin,2000,1,20,10,123,-150.000000000,150.000000000,0.783333333
qsar,SAMDE,None,bin,2000,2,40,20,123,-150.000000000,150.000000000,0.783333333
qsar,SAMDE,None,interm,2000,20,40,40,123,-150.000000000,150.000000000,0.779166667
qsar,MAB-SHADE,None,interm,2000,10,40,20,123,-150.000000000,150.000000000,0.779166667
qsar,SAMDE,None,interm,2000,2,20,5,123,-150.000000000,150.000000000,0.779166667
qsar,MAB-SHADE,None,bin,2000,3,20,10,123,-150.000000000,150.000000000,0.777083333
qsar,MAB-SHADE,None,bin,2000,4,40,40,123,-150.000000000,150.000000000,0.777083333
qsar,SAMDE,None,interm,2000,10,40,40,123,-150.000000000,150.000000000,0.775000000
qsar,SAMDE,None,interm,2000,1,20,5,123,-150.000000000,150.000000000,0.772916667
qsar,SAMDE,None,interm,2000,2,40,20,123,-150.000000000,150.000000000,0.772916667
qsar,SAMDE,None,interm,2000,5,40,20,123,-150.000000000,150.000000000,0.772916667
qsar,MAB-SHADE,None,interm,2000,10,20,20,123,-150.000000000,150.000000000,0.770833333
qsar,SAMDE,None,interm,2000,1,10,5,123,-150.000000000,150.000000000,0.770833333
qsar,MAB-SHADE,None,bin,2000,5,20,20,123,-150.000000000,150.000000000,0.768750000
qsar,MAB-SHADE,None,interm,2000,10,40,40,123,-150.000000000,150.000000000,0.768750000
qsar,MAB-SHADE,None,bin,2000,2,10,10,123,-150.000000000,150.000000000,0.766666667
qsar,MAB-SHADE,None,interm,2000,5,40,20,123,-150.000000000,150.000000000,0.766666667
qsar,SAMDE,None,interm,2000,3,20,5,123,-150.000000000,150.000000000,0.766666667
qsar,MAB-SHADE,None,bin,2000,1,20,5,123,-150.000000000,150.000000000,0.764583333
qsar,SAMDE,None,bin,2000,1,10,2,123,-150.000000000,150.000000000,0.764583333
qsar,SAMDE,None,bin,2000,2,20,20,123,-150.000000000,150.000000000,0.764583333
qsar,SAMDE,None,interm,2000,1,10,10,123,-150.000000000,150.000000000,0.764583333
qsar,SAMDE,None,interm,2000,10,20,20,123,-150.000000000,150.000000000,0.764583333
qsar,SAMDE,None,interm,2000,10,40,20,123,-150.000000000,150.000000000,0.764583333
qsar,MAB-SHADE,None,bin,2000,1,10,10,123,-150.000000000,150.000000000,0.762500000
qsar,MAB-SHADE,None,bin,2000,5,40,20,123,-150.000000000,150.000000000,0.762500000
qsar,SAMDE,None,interm,2000,1,10,2,123,-150.000000000,150.000000000,0.762500000
qsar,MAB-SHADE,None,interm,2000,3,20,5,123,-150.000000000,150.000000000,0.760416667
qsar,SAMDE,None,bin,2000,1,40,10,123,-150.000000000,150.000000000,0.760416667
qsar,SAMDE,None,bin,2000,3,20,5,123,-150.000000000,150.000000000,0.760416667
qsar,SAMDE,None,bin,2000,5,20,20,123,-150.000000000,150.000000000,0.760416667
qsar,MAB-SHADE,None,bin,2000,1,40,10,123,-150.000000000,150.000000000,0.758333333
qsar,SAMDE,None,interm,2000,3,40,10,123,-150.000000000,150.000000000,0.758333333
qsar,MAB-SHADE,None,interm,2000,1,10,5,123,-150.000000000,150.000000000,0.758333333
qsar,SAMDE,None,bin,2000,20,40,40,123,-150.000000000,150.000000000,0.758333333
qsar,SAMDE,None,interm,2000,5,40,10,123,-150.000000000,150.000000000,0.758333333
qsar,MAB-SHADE,None,bin,2000,2,20,5,123,-150.000000000,150.000000000,0.756250000
qsar,MAB-SHADE,None,bin,2000,5,40,10,123,-150.000000000,150.000000000,0.756250000
qsar,MAB-SHADE,None,interm,2000,2,20,5,123,-150.000000000,150.000000000,0.756250000
qsar,SAMDE,None,bin,2000,5,10,10,123,-150.000000000,150.000000000,0.756250000
qsar,SAMDE,None,interm,2000,1,40,10,123,-150.000000000,150.000000000,0.756250000
qsar,SAMDE,None,interm,2000,3,20,10,123,-150.000000000,150.000000000,0.756250000
qsar,MAB-SHADE,None,bin,2000,1,10,5,123,-150.000000000,150.000000000,0.754166667
qsar,MAB-SHADE,None,interm,2000,2,20,20,123,-150.000000000,150.000000000,0.754166667
qsar,MAB-SHADE,None,interm,2000,4,40,40,123,-150.000000000,150.000000000,0.754166667
qsar,SAMDE,None,bin,2000,2,20,5,123,-150.000000000,150.000000000,0.754166667
qsar,MAB-SHADE,None,bin,2000,2,20,20,123,-150.000000000,150.000000000,0.754166667
qsar,MAB-SHADE,None,bin,2000,3,40,10,123,-150.000000000,150.000000000,0.752083333
qsar,SAMDE,None,bin,2000,3,10,5,123,-150.000000000,150.000000000,0.752083333
qsar,SAMDE,None,bin,2000,10,20,20,123,-150.000000000,150.000000000,0.752083333
qsar,SAMDE,None,interm,2000,3,10,5,123,-150.000000000,150.000000000,0.752083333
qsar,SAMDE,None,bin,2000,4,40,40,123,-150.000000000,150.000000000,0.750000000
qsar,SAMDE,None,interm,2000,5,20,10,123,-150.000000000,150.000000000,0.750000000
qsar,MAB-SHADE,None,interm,2000,5,20,10,123,-150.000000000,150.000000000,0.747916667
qsar,MAB-SHADE,None,bin,2000,3,10,5,123,-150.000000000,150.000000000,0.747916667
qsar,MAB-SHADE,None,bin,2000,5,10,10,123,-150.000000000,150.000000000,0.747916667
qsar,MAB-SHADE,None,interm,2000,5,20,20,123,-150.000000000,150.000000000,0.747916667
qsar,SAMDE,None,bin,2000,2,10,10,123,-150.000000000,150.000000000,0.747916667
qsar,SAMDE,None,interm,2000,4,40,40,123,-150.000000000,150.000000000,0.747916667
qsar,SAMDE,None,interm,2000,5,20,20,123,-150.000000000,150.000000000,0.745833333
qsar,MAB-SHADE,None,bin,2000,1,10,2,123,-150.000000000,150.000000000,0.745833333
qsar,MAB-SHADE,None,interm,2000,1,40,10,123,-150.000000000,150.000000000,0.745833333
qsar,MAB-SHADE,None,interm,2000,2,10,10,123,-150.000000000,150.000000000,0.745833333
qsar,MAB-SHADE,None,interm,2000,3,10,5,123,-150.000000000,150.000000000,0.745833333
qsar,MAB-SHADE,None,interm,2000,3,20,10,123,-150.000000000,150.000000000,0.745833333
qsar,MAB-SHADE,None,interm,2000,1,10,10,123,-150.000000000,150.000000000,0.743750000
qsar,MAB-SHADE,None,interm,2000,3,40,10,123,-150.000000000,150.000000000,0.741666667
qsar,SAMDE,None,bin,2000,1,10,10,123,-150.000000000,150.000000000,0.739583333
qsar,SAMDE,None,bin,2000,10,40,20,123,-150.000000000,150.000000000,0.739583333
qsar,SAMDE,None,interm,2000,2,20,20,123,-150.000000000,150.000000000,0.739583333
qsar,MAB-SHADE,None,bin,2000,20,40,40,123,-150.000000000,150.000000000,0.737500000
qsar,MAB-SHADE,None,bin,2000,2,40,20,123,-150.000000000,150.000000000,0.737500000
qsar,SAMDE,None,interm,2000,1,20,10,123,-150.000000000,150.000000000,0.737500000
qsar,SAMDE,None,interm,2000,5,10,10,123,-150.000000000,150.000000000,0.737500000
qsar,MAB-SHADE,None,bin,2000,10,20,20,123,-150.000000000,150.000000000,0.735416667
qsar,MAB-SHADE,None,interm,2000,1,10,2,123,-150.000000000,150.000000000,0.731250000
qsar,MAB-SHADE,None,interm,2000,2,40,20,123,-150.000000000,150.000000000,0.731250000
qsar,MAB-SHADE,None,interm,2000,5,40,10,123,-150.000000000,150.000000000,0.731250000
qsar,MAB-SHADE,None,bin,2000,10,40,20,123,-150.000000000,150.000000000,0.727083333
qsar,MAB-SHADE,None,bin,2000,5,20,10,123,-150.000000000,150.000000000,0.725000000
qsar,SAMDE,None,bin,2000,1,10,5,123,-150.000000000,150.000000000,0.722916667
qsar,SAMDE,None,interm,2000,2,10,10,123,-150.000000000,150.000000000,0.722916667
qsar,MAB-SHADE,None,interm,2000,1,20,10,123,-150.000000000,150.000000000,0.716666667
qsar,MAB-SHADE,None,interm,2000,5,10,10,123,-150.000000000,150.000000000,0.716666667
mnist_normalized,MAB-SHADE,None,interm,4000,10,200,100,784,-1.000000000,1.000000000,0.888900000
mnist_normalized,MAB-SHADE,None,interm,4000,20,200,200,784,-1.000000000,1.000000000,0.888166667
mnist_normalized,MAB-SHADE,None,interm,4000,13,200,50,784,-1.000000000,1.000000000,0.874766667
mnist_normalized,MAB-SHADE,None,interm,4000,100,200,200,784,-1.000000000,1.000000000,0.874366667
mnist_normalized,MAB-SHADE,None,interm,4000,10,100,100,784,-1.000000000,1.000000000,0.874000000
mnist_normalized,MAB-SHADE,None,interm,4000,50,200,200,784,-1.000000000,1.000000000,0.873433333
mnist_normalized,MAB-SHADE,None,interm,4000,25,200,50,784,-1.000000000,1.000000000,0.872700000
mnist_normalized,MAB-SHADE,None,interm,4000,25,200,100,784,-1.000000000,1.000000000,0.872333333
mnist_normalized,MAB-SHADE,None,interm,4000,7,100,25,784,-1.000000000,1.000000000,0.869400000
mnist_normalized,MAB-SHADE,None,interm,4000,50,200,100,784,-1.000000000,1.000000000,0.868400000
mnist_normalized,MAB-SHADE,None,interm,4000,25,100,100,784,-1.000000000,1.000000000,0.864066667
mnist_normalized,MAB-SHADE,None,interm,4000,50,100,100,784,-1.000000000,1.000000000,0.863900000
mnist_normalized,MAB-SHADE,None,interm,4000,13,100,50,784,-1.000000000,1.000000000,0.862566667
mnist_normalized,MAB-SHADE,None,interm,4000,5,200,50,784,-1.000000000,1.000000000,0.861966667
mnist_normalized,MAB-SHADE,None,interm,4000,13,100,25,784,-1.000000000,1.000000000,0.855300000
mnist_normalized,MAB-SHADE,None,interm,4000,25,100,50,784,-1.000000000,1.000000000,0.852033333
mnist_normalized,MAB-SHADE,None,interm,4000,12,50,50,784,-1.000000000,1.000000000,0.849333333
mnist_normalized,MAB-SHADE,None,interm,4000,5,100,50,784,-1.000000000,1.000000000,0.849233333
mnist_normalized,MAB-SHADE,None,interm,4000,25,50,50,784,-1.000000000,1.000000000,0.840600000
mnist_normalized,MAB-SHADE,None,bin,4000,20,200,200,784,-1.000000000,1.000000000,0.838500000
mnist_normalized,MAB-SHADE,None,interm,4000,6,50,25,784,-1.000000000,1.000000000,0.837566667
mnist_normalized,MAB-SHADE,None,interm,4000,13,50,25,784,-1.000000000,1.000000000,0.833200000
mnist_normalized,MAB-SHADE,None,interm,4000,6,50,12,784,-1.000000000,1.000000000,0.830633333
mnist_normalized,MAB-SHADE,None,bin,4000,50,200,200,784,-1.000000000,1.000000000,0.830033333
mnist_normalized,MAB-SHADE,None,bin,4000,10,200,100,784,-1.000000000,1.000000000,0.826166667
mnist_normalized,MAB-SHADE,None,bin,4000,5,200,50,784,-1.000000000,1.000000000,0.824866667
mnist_normalized,MAB-SHADE,None,bin,4000,100,200,200,784,-1.000000000,1.000000000,0.822600000
mnist_normalized,MAB-SHADE,None,bin,4000,25,200,100,784,-1.000000000,1.000000000,0.820933333
mnist_normalized,MAB-SHADE,None,interm,4000,5,50,50,784,-1.000000000,1.000000000,0.818700000
mnist_normalized,MAB-SHADE,None,bin,4000,50,200,100,784,-1.000000000,1.000000000,0.817666667
mnist_normalized,MAB-SHADE,None,bin,4000,25,200,50,784,-1.000000000,1.000000000,0.817600000
mnist_normalized,MAB-SHADE,None,bin,4000,13,200,50,784,-1.000000000,1.000000000,0.812533333
mnist_normalized,MAB-SHADE,None,bin,4000,10,100,100,784,-1.000000000,1.000000000,0.808333333
mnist_normalized,MAB-SHADE,None,bin,4000,5,100,50,784,-1.000000000,1.000000000,0.802133333
mnist_normalized,MAB-SHADE,None,bin,4000,25,100,100,784,-1.000000000,1.000000000,0.800166667
mnist_normalized,SAMDE,None,bin,4000,5,200,50,784,-1.000000000,1.000000000,0.793733333
mnist_normalized,MAB-SHADE,None,bin,4000,3,100,25,784,-1.000000000,1.000000000,0.792766667
mnist_normalized,SAMDE,None,bin,4000,10,200,100,784,-1.000000000,1.000000000,0.788366667
mnist_normalized,MAB-SHADE,None,bin,4000,13,100,50,784,-1.000000000,1.000000000,0.787733333
mnist_normalized,SAMDE,None,bin,4000,20,200,200,784,-1.000000000,1.000000000,0.786666667
mnist_normalized,SAMDE,None,bin,4000,50,200,100,784,-1.000000000,1.000000000,0.786333333
mnist_normalized,SAMDE,None,bin,4000,50,200,200,784,-1.000000000,1.000000000,0.783033333
mnist_normalized,MAB-SHADE,None,bin,4000,7,100,25,784,-1.000000000,1.000000000,0.782833333
mnist_normalized,MAB-SHADE,None,bin,4000,50,100,100,784,-1.000000000,1.000000000,0.782366667
mnist_normalized,SAMDE,None,bin,4000,25,200,50,784,-1.000000000,1.000000000,0.782066667
mnist_normalized,SAMDE,None,bin,4000,100,200,200,784,-1.000000000,1.000000000,0.781633333
mnist_normalized,SAMDE,None,bin,4000,13,200,50,784,-1.000000000,1.000000000,0.780266667
mnist_normalized,SAMDE,None,bin,4000,25,200,100,784,-1.000000000,1.000000000,0.780200000
mnist_normalized,SAMDE,None,bin,4000,5,100,50,784,-1.000000000,1.000000000,0.778966667
mnist_normalized,MAB-SHADE,None,bin,4000,25,100,50,784,-1.000000000,1.000000000,0.778533333
mnist_normalized,MAB-SHADE,None,bin,4000,3,50,25,784,-1.000000000,1.000000000,0.776066667
mnist_normalized,MAB-SHADE,None,bin,4000,13,100,25,784,-1.000000000,1.000000000,0.772600000
mnist_normalized,SAMDE,None,bin,4000,3,100,25,784,-1.000000000,1.000000000,0.765766667
mnist_normalized,SAMDE,None,bin,4000,10,100,100,784,-1.000000000,1.000000000,0.765400000
mnist_normalized,MAB-SHADE,None,bin,4000,25,50,50,784,-1.000000000,1.000000000,0.761900000
mnist_normalized,MAB-SHADE,None,bin,4000,2,50,12,784,-1.000000000,1.000000000,0.761233333
mnist_normalized,MAB-SHADE,None,bin,4000,5,50,50,784,-1.000000000,1.000000000,0.760733333
mnist_normalized,MAB-SHADE,None,bin,4000,6,50,25,784,-1.000000000,1.000000000,0.759466667
mnist_normalized,SAMDE,None,bin,4000,13,100,50,784,-1.000000000,1.000000000,0.757900000
mnist_normalized,MAB-SHADE,None,bin,4000,12,50,50,784,-1.000000000,1.000000000,0.756566667
mnist_normalized,MAB-SHADE,None,bin,4000,3,50,12,784,-1.000000000,1.000000000,0.750866667
mnist_normalized,SAMDE,None,bin,4000,13,100,25,784,-1.000000000,1.000000000,0.745166667
mnist_normalized,SAMDE,None,bin,4000,25,100,50,784,-1.000000000,1.000000000,0.743866667
mnist_normalized,SAMDE,None,bin,4000,7,100,25,784,-1.000000000,1.000000000,0.737733333
mnist_normalized,MAB-SHADE,None,bin,4000,13,50,25,784,-1.000000000,1.000000000,0.737466667
mnist_normalized,SAMDE,None,bin,4000,50,100,100,784,-1.000000000,1.000000000,0.737166667
mnist_normalized,SAMDE,None,bin,4000,25,100,100,784,-1.000000000,1.000000000,0.736700000
mnist_normalized,MAB-SHADE,None,bin,4000,6,50,12,784,-1.000000000,1.000000000,0.733433333
mnist_normalized,SAMDE,None,bin,4000,3,50,25,784,-1.000000000,1.000000000,0.731666667
mnist_normalized,SAMDE,None,bin,4000,5,50,50,784,-1.000000000,1.000000000,0.730866667
mnist_normalized,SAMDE,None,bin,4000,2,50,12,784,-1.000000000,1.000000000,0.724933333
mnist_normalized,SAMDE,None,bin,4000,6,50,25,784,-1.000000000,1.000000000,0.720366667
mnist_normalized,SAMDE,None,bin,4000,3,50,12,784,-1.000000000,1.000000000,0.716333333
mnist_normalized,SAMDE,None,bin,4000,12,50,50,784,-1.000000000,1.000000000,0.707700000
mnist_normalized,SAMDE,None,bin,4000,6,50,12,784,-1.000000000,1.000000000,0.696300000
mnist_normalized,SAMDE,None,bin,4000,25,50,50,784,-1.000000000,1.000000000,0.688766667
mnist_normalized,SAMDE,None,bin,4000,13,50,25,784,-1.000000000,1.000000000,0.688533333
mnist_normalized,MAB-SHADE,None,interm,4000,3,100,25,784,-1.000000000,1.000000000,0.685333333
mnist_normalized,MAB-SHADE,None,interm,4000,3,50,25,784,-1.000000000,1.000000000,0.656600000
mnist_normalized,MAB-SHADE,None,interm,4000,3,50,12,784,-1.000000000,1.000000000,0.633700000
mnist_normalized,MAB-SHADE,None,interm,4000,2,50,12,784,-1.000000000,1.000000000,0.605166667
mnist_normalized,SAMDE,None,interm,4000,10,200,100,784,-1.000000000,1.000000000,0.590500000
mnist_normalized,SAMDE,None,interm,4000,100,200,200,784,-1.000000000,1.000000000,0.578333333
mnist_normalized,SAMDE,None,interm,4000,5,200,50,784,-1.000000000,1.000000000,0.570466667
mnist_normalized,SAMDE,None,interm,4000,20,200,200,784,-1.000000000,1.000000000,0.568300000
mnist_normalized,SAMDE,None,interm,4000,25,200,50,784,-1.000000000,1.000000000,0.567033333
mnist_normalized,SAMDE,None,interm,4000,50,200,200,784,-1.000000000,1.000000000,0.564433333
mnist_normalized,SAMDE,None,interm,4000,50,200,100,784,-1.000000000,1.000000000,0.558966667
mnist_normalized,SAMDE,None,interm,4000,25,200,100,784,-1.000000000,1.000000000,0.553066667
mnist_normalized,SAMDE,None,interm,4000,50,100,100,784,-1.000000000,1.000000000,0.543766667
mnist_normalized,SAMDE,None,interm,4000,13,200,50,784,-1.000000000,1.000000000,0.542833333
mnist_normalized,SAMDE,None,interm,4000,25,100,100,784,-1.000000000,1.000000000,0.542166667
mnist_normalized,SAMDE,None,interm,4000,25,100,50,784,-1.000000000,1.000000000,0.540266667
mnist_normalized,SAMDE,None,interm,4000,10,100,100,784,-1.000000000,1.000000000,0.532833333
mnist_normalized,SAMDE,None,interm,4000,5,100,50,784,-1.000000000,1.000000000,0.523100000
mnist_normalized,SAMDE,None,interm,4000,3,100,25,784,-1.000000000,1.000000000,0.521033333
mnist_normalized,SAMDE,None,interm,4000,13,100,50,784,-1.000000000,1.000000000,0.518500000
mnist_normalized,SAMDE,None,interm,4000,7,100,25,784,-1.000000000,1.000000000,0.516300000
mnist_normalized,SAMDE,None,interm,4000,13,100,25,784,-1.000000000,1.000000000,0.514500000
mnist_normalized,SAMDE,None,interm,4000,5,50,50,784,-1.000000000,1.000000000,0.490233333
mnist_normalized,SAMDE,None,interm,4000,12,50,50,784,-1.000000000,1.000000000,0.489500000
mnist_normalized,SAMDE,None,interm,4000,3,50,25,784,-1.000000000,1.000000000,0.486700000
mnist_normalized,SAMDE,None,interm,4000,13,50,25,784,-1.000000000,1.000000000,0.476500000
mnist_normalized,SAMDE,None,interm,4000,6,50,25,784,-1.000000000,1.000000000,0.472166667
mnist_normalized,SAMDE,None,interm,4000,3,50,12,784,-1.000000000,1.000000000,0.469466667
mnist_normalized,SAMDE,None,interm,4000,6,50,12,784,-1.000000000,1.000000000,0.460633333
mnist_normalized,SAMDE,None,interm,4000,2,50,12,784,-1.000000000,1.000000000,0.450166667
mnist_normalized,SAMDE,None,interm,4000,25,50,50,784,-1.000000000,1.000000000,0.394900000
mnist,MAB-SHADE,None,interm,4000,50,200,200,784,-255.000000000,255.000000000,0.869300000
mnist,MAB-SHADE,None,interm,4000,5,200,50,784,-255.000000000,255.000000000,0.866800000
mnist,MAB-SHADE,None,interm,4000,25,100,100,784,-255.000000000,255.000000000,0.863500000
mnist,MAB-SHADE,None,interm,4000,50,100,100,784,-255.000000000,255.000000000,0.860166667
mnist,MAB-SHADE,None,interm,4000,25,200,100,784,-255.000000000,255.000000000,0.858733333
mnist,MAB-SHADE,None,interm,4000,100,200,200,784,-255.000000000,255.000000000,0.858333333
mnist,MAB-SHADE,None,interm,4000,50,200,100,784,-255.000000000,255.000000000,0.854933333
mnist,MAB-SHADE,None,interm,4000,3,50,25,784,-255.000000000,255.000000000,0.850733333
mnist,MAB-SHADE,None,bin,4000,20,200,200,784,-255.000000000,255.000000000,0.849233333
mnist,MAB-SHADE,None,interm,4000,25,50,50,784,-255.000000000,255.000000000,0.846800000
mnist,MAB-SHADE,None,interm,4000,25,100,50,784,-255.000000000,255.000000000,0.846166667
mnist,MAB-SHADE,None,interm,4000,25,200,50,784,-255.000000000,255.000000000,0.845433333
mnist,MAB-SHADE,None,interm,4000,20,200,200,784,-255.000000000,255.000000000,0.841633333
mnist,MAB-SHADE,None,interm,4000,10,100,100,784,-255.000000000,255.000000000,0.837433333
mnist,MAB-SHADE,None,interm,4000,12,50,50,784,-255.000000000,255.000000000,0.837133333
mnist,MAB-SHADE,None,interm,4000,5,100,50,784,-255.000000000,255.000000000,0.834633333
mnist,MAB-SHADE,None,interm,4000,5,50,50,784,-255.000000000,255.000000000,0.831466667
mnist,MAB-SHADE,None,interm,4000,13,200,50,784,-255.000000000,255.000000000,0.830100000
mnist,MAB-SHADE,None,interm,4000,3,100,25,784,-255.000000000,255.000000000,0.828166667
mnist,MAB-SHADE,None,interm,4000,6,50,25,784,-255.000000000,255.000000000,0.827500000
mnist,MAB-SHADE,None,bin,4000,50,200,200,784,-255.000000000,255.000000000,0.825533333
mnist,MAB-SHADE,None,bin,4000,10,200,100,784,-255.000000000,255.000000000,0.823866667
mnist,MAB-SHADE,None,interm,4000,13,100,50,784,-255.000000000,255.000000000,0.823166667
mnist,MAB-SHADE,None,bin,4000,25,200,100,784,-255.000000000,255.000000000,0.819100000
mnist,MAB-SHADE,None,interm,4000,13,50,25,784,-255.000000000,255.000000000,0.817766667
mnist,MAB-SHADE,None,bin,4000,100,200,200,784,-255.000000000,255.000000000,0.816666667
mnist,MAB-SHADE,None,bin,4000,50,100,100,784,-255.000000000,255.000000000,0.815233333
mnist,MAB-SHADE,None,interm,4000,13,100,25,784,-255.000000000,255.000000000,0.812666667
mnist,MAB-SHADE,None,interm,4000,10,200,100,784,-255.000000000,255.000000000,0.810200000
mnist,MAB-SHADE,None,bin,4000,25,100,100,784,-255.000000000,255.000000000,0.809233333
mnist,MAB-SHADE,None,interm,4000,3,50,12,784,-255.000000000,255.000000000,0.808233333
mnist,MAB-SHADE,None,bin,4000,13,200,50,784,-255.000000000,255.000000000,0.807600000
mnist,MAB-SHADE,None,bin,4000,50,200,100,784,-255.000000000,255.000000000,0.807300000
mnist,MAB-SHADE,None,bin,4000,5,200,50,784,-255.000000000,255.000000000,0.801666667
mnist,MAB-SHADE,None,bin,4000,25,200,50,784,-255.000000000,255.000000000,0.799900000
mnist,MAB-SHADE,None,interm,4000,2,50,12,784,-255.000000000,255.000000000,0.793466667
mnist,MAB-SHADE,None,bin,4000,5,100,50,784,-255.000000000,255.000000000,0.792766667
mnist,MAB-SHADE,None,bin,4000,10,100,100,784,-255.000000000,255.000000000,0.792733333
mnist,MAB-SHADE,None,bin,4000,25,100,50,784,-255.000000000,255.000000000,0.789033333
mnist,MAB-SHADE,None,interm,4000,7,100,25,784,-255.000000000,255.000000000,0.788566667
mnist,MAB-SHADE,None,bin,4000,3,100,25,784,-255.000000000,255.000000000,0.785500000
mnist,MAB-SHADE,None,bin,4000,13,100,50,784,-255.000000000,255.000000000,0.784866667
mnist,MAB-SHADE,None,interm,4000,6,50,12,784,-255.000000000,255.000000000,0.784700000
mnist,MAB-SHADE,None,bin,4000,5,50,50,784,-255.000000000,255.000000000,0.781000000
mnist,MAB-SHADE,None,bin,4000,12,50,50,784,-255.000000000,255.000000000,0.774000000
mnist,SAMDE,None,bin,4000,5,200,50,784,-255.000000000,255.000000000,0.773166667
mnist,MAB-SHADE,None,bin,4000,25,50,50,784,-255.000000000,255.000000000,0.772533333
mnist,MAB-SHADE,None,bin,4000,3,50,25,784,-255.000000000,255.000000000,0.772500000
mnist,SAMDE,None,bin,4000,3,100,25,784,-255.000000000,255.000000000,0.771200000
mnist,MAB-SHADE,None,bin,4000,13,100,25,784,-255.000000000,255.000000000,0.767700000
mnist,SAMDE,None,bin,4000,5,100,50,784,-255.000000000,255.000000000,0.757666667
mnist,SAMDE,None,bin,4000,25,200,100,784,-255.000000000,255.000000000,0.756766667
mnist,MAB-SHADE,None,bin,4000,2,50,12,784,-255.000000000,255.000000000,0.756066667
mnist,MAB-SHADE,None,bin,4000,13,50,25,784,-255.000000000,255.000000000,0.753200000
mnist,SAMDE,None,bin,4000,3,50,25,784,-255.000000000,255.000000000,0.753066667
mnist,SAMDE,None,bin,4000,10,100,100,784,-255.000000000,255.000000000,0.751066667
mnist,SAMDE,None,bin,4000,5,50,50,784,-255.000000000,255.000000000,0.750033333
mnist,SAMDE,None,bin,4000,20,200,200,784,-255.000000000,255.000000000,0.748033333
mnist,MAB-SHADE,None,bin,4000,7,100,25,784,-255.000000000,255.000000000,0.746166667
mnist,SAMDE,None,bin,4000,100,200,200,784,-255.000000000,255.000000000,0.742700000
mnist,SAMDE,None,bin,4000,13,200,50,784,-255.000000000,255.000000000,0.740633333
mnist,SAMDE,None,bin,4000,10,200,100,784,-255.000000000,255.000000000,0.738466667
mnist,MAB-SHADE,None,bin,4000,6,50,25,784,-255.000000000,255.000000000,0.736733333
mnist,SAMDE,None,bin,4000,50,200,200,784,-255.000000000,255.000000000,0.735433333
mnist,SAMDE,None,bin,4000,50,200,100,784,-255.000000000,255.000000000,0.733233333
mnist,MAB-SHADE,None,bin,4000,3,50,12,784,-255.000000000,255.000000000,0.731466667
mnist,SAMDE,None,bin,4000,7,100,25,784,-255.000000000,255.000000000,0.729533333
mnist,SAMDE,None,bin,4000,13,100,50,784,-255.000000000,255.000000000,0.726233333
mnist,SAMDE,None,bin,4000,25,100,100,784,-255.000000000,255.000000000,0.724500000
mnist,SAMDE,None,bin,4000,2,50,12,784,-255.000000000,255.000000000,0.723833333
mnist,SAMDE,None,bin,4000,25,200,50,784,-255.000000000,255.000000000,0.707233333
mnist,SAMDE,None,bin,4000,13,100,25,784,-255.000000000,255.000000000,0.707200000
mnist,SAMDE,None,bin,4000,3,50,12,784,-255.000000000,255.000000000,0.707000000
mnist,MAB-SHADE,None,bin,4000,6,50,12,784,-255.000000000,255.000000000,0.704633333
mnist,SAMDE,None,bin,4000,6,50,25,784,-255.000000000,255.000000000,0.697866667
mnist,SAMDE,None,bin,4000,25,100,50,784,-255.000000000,255.000000000,0.695133333
mnist,SAMDE,None,bin,4000,50,100,100,784,-255.000000000,255.000000000,0.694366667
mnist,SAMDE,None,bin,4000,12,50,50,784,-255.000000000,255.000000000,0.681766667
mnist,SAMDE,None,bin,4000,6,50,12,784,-255.000000000,255.000000000,0.671966667
mnist,SAMDE,None,bin,4000,13,50,25,784,-255.000000000,255.000000000,0.657600000
mnist,SAMDE,None,bin,4000,25,50,50,784,-255.000000000,255.000000000,0.652966667
mnist,SAMDE,None,interm,4000,3,100,25,784,-255.000000000,255.000000000,0.507300000
mnist,SAMDE,None,interm,4000,13,200,50,784,-255.000000000,255.000000000,0.491733333
mnist,SAMDE,None,interm,4000,2,50,12,784,-255.000000000,255.000000000,0.487900000
mnist,SAMDE,None,interm,4000,10,200,100,784,-255.000000000,255.000000000,0.484066667
mnist,SAMDE,None,interm,4000,20,200,200,784,-255.000000000,255.000000000,0.478266667
mnist,SAMDE,None,interm,4000,10,100,100,784,-255.000000000,255.000000000,0.475666667
mnist,SAMDE,None,interm,4000,5,200,50,784,-255.000000000,255.000000000,0.475466667
mnist,SAMDE,None,interm,4000,5,100,50,784,-255.000000000,255.000000000,0.467700000
mnist,SAMDE,None,interm,4000,3,50,25,784,-255.000000000,255.000000000,0.462900000
mnist,SAMDE,None,interm,4000,50,200,100,784,-255.000000000,255.000000000,0.461600000
mnist,SAMDE,None,interm,4000,7,100,25,784,-255.000000000,255.000000000,0.458833333
mnist,SAMDE,None,interm,4000,25,200,100,784,-255.000000000,255.000000000,0.454800000
mnist,SAMDE,None,interm,4000,5,50,50,784,-255.000000000,255.000000000,0.451466667
mnist,SAMDE,None,interm,4000,25,200,50,784,-255.000000000,255.000000000,0.449200000
mnist,SAMDE,None,interm,4000,6,50,25,784,-255.000000000,255.000000000,0.441333333
mnist,SAMDE,None,interm,4000,50,200,200,784,-255.000000000,255.000000000,0.440266667
mnist,SAMDE,None,interm,4000,100,200,200,784,-255.000000000,255.000000000,0.437900000
mnist,SAMDE,None,interm,4000,13,100,50,784,-255.000000000,255.000000000,0.431266667
mnist,SAMDE,None,interm,4000,3,50,12,784,-255.000000000,255.000000000,0.419533333
mnist,SAMDE,None,interm,4000,12,50,50,784,-255.000000000,255.000000000,0.418833333
mnist,SAMDE,None,interm,4000,6,50,12,784,-255.000000000,255.000000000,0.418666667
mnist,SAMDE,None,interm,4000,25,100,100,784,-255.000000000,255.000000000,0.407833333
mnist,SAMDE,None,interm,4000,13,100,25,784,-255.000000000,255.000000000,0.399800000
mnist,SAMDE,None,interm,4000,25,100,50,784,-255.000000000,255.000000000,0.397000000
mnist,SAMDE,None,interm,4000,13,50,25,784,-255.000000000,255.000000000,0.394300000
mnist,SAMDE,None,interm,4000,50,100,100,784,-255.000000000,255.000000000,0.390366667
mnist,SAMDE,None,interm,4000,25,50,50,784,-255.000000000,255.000000000,0.343700000
magic_normalized,MAB-SHADE,None,bin,2000,2,80,20,33,-1.000000000,1.000000000,0.786732333
magic_normalized,SAMDE,None,bin,2000,8,80,80,33,-1.000000000,1.000000000,0.784978000
magic_normalized,MAB-SHADE,None,interm,2000,5,40,20,33,-1.000000000,1.000000000,0.784649000
magic_normalized,MAB-SHADE,None,bin,2000,4,80,40,33,-1.000000000,1.000000000,0.784210667
magic_normalized,MAB-SHADE,None,bin,2000,4,40,40,33,-1.000000000,1.000000000,0.784101000
magic_normalized,MAB-SHADE,None,bin,2000,2,40,20,33,-1.000000000,1.000000000,0.783991333
magic_normalized,SAMDE,None,bin,2000,2,80,20,33,-1.000000000,1.000000000,0.783772000
magic_normalized,MAB-SHADE,None,bin,2000,10,40,40,33,-1.000000000,1.000000000,0.783662333
magic_normalized,MAB-SHADE,None,bin,2000,10,80,40,33,-1.000000000,1.000000000,0.783662000
magic_normalized,MAB-SHADE,None,interm,2000,10,40,40,33,-1.000000000,1.000000000,0.783662000
magic_normalized,SAMDE,None,bin,2000,4,40,40,33,-1.000000000,1.000000000,0.783552667
magic_normalized,MAB-SHADE,None,interm,2000,3,20,10,33,-1.000000000,1.000000000,0.783443000
magic_normalized,SAMDE,None,bin,2000,2,20,20,33,-1.000000000,1.000000000,0.783443000
magic_normalized,MAB-SHADE,None,bin,2000,3,20,5,33,-1.000000000,1.000000000,0.783333667
magic_normalized,MAB-SHADE,None,bin,2000,3,40,10,33,-1.000000000,1.000000000,0.783333333
magic_normalized,MAB-SHADE,None,interm,2000,20,40,40,33,-1.000000000,1.000000000,0.783333333
magic_normalized,MAB-SHADE,None,bin,2000,5,40,20,33,-1.000000000,1.000000000,0.783224000
magic_normalized,MAB-SHADE,None,interm,2000,2,20,20,33,-1.000000000,1.000000000,0.783224000
magic_normalized,SAMDE,None,bin,2000,5,20,20,33,-1.000000000,1.000000000,0.783223667
magic_normalized,MAB-SHADE,None,bin,2000,5,20,10,33,-1.000000000,1.000000000,0.783114000
magic_normalized,MAB-SHADE,None,bin,2000,2,20,20,33,-1.000000000,1.000000000,0.782895000
magic_normalized,MAB-SHADE,None,bin,2000,20,80,40,33,-1.000000000,1.000000000,0.782894667
magic_normalized,SAMDE,None,bin,2000,5,40,20,33,-1.000000000,1.000000000,0.782894667
magic_normalized,MAB-SHADE,None,bin,2000,3,20,10,33,-1.000000000,1.000000000,0.782785333
magic_normalized,MAB-SHADE,None,bin,2000,5,80,20,33,-1.000000000,1.000000000,0.782675667
magic_normalized,MAB-SHADE,None,bin,2000,1,40,10,33,-1.000000000,1.000000000,0.782675333
magic_normalized,MAB-SHADE,None,interm,2000,4,40,40,33,-1.000000000,1.000000000,0.782565667
magic_normalized,MAB-SHADE,None,interm,2000,2,40,20,33,-1.000000000,1.000000000,0.782346333
magic_normalized,MAB-SHADE,None,interm,2000,2,80,20,33,-1.000000000,1.000000000,0.782346333
magic_normalized,MAB-SHADE,None,interm,2000,5,80,20,33,-1.000000000,1.000000000,0.782346333
magic_normalized,MAB-SHADE,None,interm,2000,20,80,40,33,-1.000000000,1.000000000,0.782237000
magic_normalized,MAB-SHADE,None,interm,2000,10,80,20,33,-1.000000000,1.000000000,0.782236667
magic_normalized,SAMDE,None,bin,2000,10,20,20,33,-1.000000000,1.000000000,0.781798333
magic_normalized,MAB-SHADE,None,bin,2000,5,20,20,33,-1.000000000,1.000000000,0.781689000
magic_normalized,SAMDE,None,bin,2000,5,20,10,33,-1.000000000,1.000000000,0.781688667
magic_normalized,SAMDE,None,bin,2000,10,40,40,33,-1.000000000,1.000000000,0.781579000
magic_normalized,SAMDE,None,bin,2000,10,80,40,33,-1.000000000,1.000000000,0.781469333
magic_normalized,MAB-SHADE,None,interm,2000,10,40,20,33,-1.000000000,1.000000000,0.781469000
magic_normalized,MAB-SHADE,None,interm,2000,3,40,10,33,-1.000000000,1.000000000,0.781359333
magic_normalized,MAB-SHADE,None,bin,2000,8,80,80,33,-1.000000000,1.000000000,0.781250333
magic_normalized,MAB-SHADE,None,interm,2000,10,80,40,33,-1.000000000,1.000000000,0.781140667
magic_normalized,MAB-SHADE,None,interm,2000,4,80,40,33,-1.000000000,1.000000000,0.781140000
magic_normalized,SAMDE,None,bin,2000,3,20,10,33,-1.000000000,1.000000000,0.781030667
magic_normalized,MAB-SHADE,None,interm,2000,40,80,80,33,-1.000000000,1.000000000,0.780921333
magic_normalized,SAMDE,None,bin,2000,1,40,10,33,-1.000000000,1.000000000,0.780921000
magic_normalized,MAB-SHADE,None,interm,2000,1,40,10,33,-1.000000000,1.000000000,0.780811667
magic_normalized,SAMDE,None,bin,2000,2,40,20,33,-1.000000000,1.000000000,0.780811667
magic_normalized,MAB-SHADE,None,bin,2000,1,20,5,33,-1.000000000,1.000000000,0.780811333
magic_normalized,MAB-SHADE,None,bin,2000,1,20,10,33,-1.000000000,1.000000000,0.780811333
magic_normalized,SAMDE,None,bin,2000,20,80,80,33,-1.000000000,1.000000000,0.780811333
magic_normalized,MAB-SHADE,None,bin,2000,10,80,20,33,-1.000000000,1.000000000,0.780592000
magic_normalized,MAB-SHADE,None,interm,2000,10,20,20,33,-1.000000000,1.000000000,0.780592000
magic_normalized,SAMDE,None,bin,2000,1,20,5,33,-1.000000000,1.000000000,0.780482667
magic_normalized,MAB-SHADE,None,bin,2000,20,40,40,33,-1.000000000,1.000000000,0.780373000
magic_normalized,SAMDE,None,bin,2000,3,20,5,33,-1.000000000,1.000000000,0.780263000
magic_normalized,MAB-SHADE,None,bin,2000,10,40,20,33,-1.000000000,1.000000000,0.780044000
magic_normalized,SAMDE,None,bin,2000,5,40,10,33,-1.000000000,1.000000000,0.780043667
magic_normalized,MAB-SHADE,None,interm,2000,20,80,80,33,-1.000000000,1.000000000,0.779934333
magic_normalized,MAB-SHADE,None,interm,2000,8,80,80,33,-1.000000000,1.000000000,0.779824667
magic_normalized,SAMDE,None,bin,2000,3,40,10,33,-1.000000000,1.000000000,0.779605333
magic_normalized,MAB-SHADE,None,bin,2000,10,20,20,33,-1.000000000,1.000000000,0.779495667
magic_normalized,SAMDE,None,bin,2000,2,20,5,33,-1.000000000,1.000000000,0.779495333
magic_normalized,MAB-SHADE,None,interm,2000,5,40,10,33,-1.000000000,1.000000000,0.779386000
magic_normalized,SAMDE,None,bin,2000,20,80,40,33,-1.000000000,1.000000000,0.779386000
magic_normalized,MAB-SHADE,None,interm,2000,1,20,5,33,-1.000000000,1.000000000,0.779057000
magic_normalized,SAMDE,None,bin,2000,1,20,10,33,-1.000000000,1.000000000,0.779057000
magic_normalized,MAB-SHADE,None,bin,2000,20,80,80,33,-1.000000000,1.000000000,0.778947333
magic_normalized,MAB-SHADE,None,bin,2000,2,20,5,33,-1.000000000,1.000000000,0.778728000
magic_normalized,MAB-SHADE,None,bin,2000,5,40,10,33,-1.000000000,1.000000000,0.778618667
magic_normalized,SAMDE,None,bin,2000,4,80,40,33,-1.000000000,1.000000000,0.778509000
magic_normalized,MAB-SHADE,None,interm,2000,5,20,10,33,-1.000000000,1.000000000,0.778508667
magic_normalized,SAMDE,None,bin,2000,10,80,20,33,-1.000000000,1.000000000,0.778399333
magic_normalized,MAB-SHADE,None,interm,2000,1,20,10,33,-1.000000000,1.000000000,0.778179667
magic_normalized,SAMDE,None,bin,2000,20,40,40,33,-1.000000000,1.000000000,0.778179667
magic_normalized,MAB-SHADE,None,bin,2000,40,80,80,33,-1.000000000,1.000000000,0.777741000
magic_normalized,MAB-SHADE,None,interm,2000,3,20,5,33,-1.000000000,1.000000000,0.777412333
magic_normalized,SAMDE,None,interm,2000,8,80,80,33,-1.000000000,1.000000000,0.777412333
magic_normalized,SAMDE,None,bin,2000,5,80,20,33,-1.000000000,1.000000000,0.777083333
magic_normalized,MAB-SHADE,None,interm,2000,2,20,5,33,-1.000000000,1.000000000,0.776316000
magic_normalized,SAMDE,None,bin,2000,10,40,20,33,-1.000000000,1.000000000,0.775987000
magic_normalized,MAB-SHADE,None,interm,2000,5,20,20,33,-1.000000000,1.000000000,0.775658000
magic_normalized,SAMDE,None,interm,2000,2,40,20,33,-1.000000000,1.000000000,0.774342000
magic_normalized,SAMDE,None,interm,2000,1,40,10,33,-1.000000000,1.000000000,0.772807000
magic_normalized,SAMDE,None,bin,2000,40,80,80,33,-1.000000000,1.000000000,0.772587667
magic_normalized,SAMDE,None,interm,2000,10,20,20,33,-1.000000000,1.000000000,0.768640333
magic_normalized,SAMDE,None,interm,2000,5,20,10,33,-1.000000000,1.000000000,0.767982667
magic_normalized,SAMDE,None,interm,2000,3,40,10,33,-1.000000000,1.000000000,0.767653667
magic_normalized,SAMDE,None,interm,2000,1,20,5,33,-1.000000000,1.000000000,0.767324667
magic_normalized,SAMDE,None,interm,2000,10,80,40,33,-1.000000000,1.000000000,0.767105000
magic_normalized,SAMDE,None,interm,2000,2,20,5,33,-1.000000000,1.000000000,0.766118667
magic_normalized,SAMDE,None,interm,2000,20,40,40,33,-1.000000000,1.000000000,0.765131667
magic_normalized,SAMDE,None,interm,2000,1,20,10,33,-1.000000000,1.000000000,0.764803000
magic_normalized,SAMDE,None,interm,2000,2,80,20,33,-1.000000000,1.000000000,0.764802667
magic_normalized,SAMDE,None,interm,2000,3,20,5,33,-1.000000000,1.000000000,0.764473667
magic_normalized,SAMDE,None,interm,2000,3,20,10,33,-1.000000000,1.000000000,0.763267667
magic_normalized,SAMDE,None,interm,2000,4,40,40,33,-1.000000000,1.000000000,0.762609667
magic_normalized,SAMDE,None,interm,2000,10,40,40,33,-1.000000000,1.000000000,0.761842333
magic_normalized,SAMDE,None,interm,2000,5,80,20,33,-1.000000000,1.000000000,0.759868333
magic_normalized,SAMDE,None,interm,2000,5,40,20,33,-1.000000000,1.000000000,0.756579000
magic_normalized,SAMDE,None,interm,2000,10,40,20,33,-1.000000000,1.000000000,0.756469333
magic_normalized,SAMDE,None,interm,2000,4,80,40,33,-1.000000000,1.000000000,0.753947333
magic_normalized,SAMDE,None,interm,2000,20,80,80,33,-1.000000000,1.000000000,0.753947333
magic_normalized,SAMDE,None,interm,2000,40,80,80,33,-1.000000000,1.000000000,0.752741333
magic_normalized,SAMDE,None,interm,2000,5,20,20,33,-1.000000000,1.000000000,0.752632000
magic_normalized,SAMDE,None,interm,2000,10,80,20,33,-1.000000000,1.000000000,0.750438333
magic_normalized,SAMDE,None,interm,2000,2,20,20,33,-1.000000000,1.000000000,0.747697667
magic_normalized,SAMDE,None,interm,2000,5,40,10,33,-1.000000000,1.000000000,0.747587667
magic_normalized,SAMDE,None,interm,2000,20,80,40,33,-1.000000000,1.000000000,0.747587667
magic,SAMDE,None,bin,2000,4,80,40,33,-600.000000000,600.000000000,0.765570000
magic,SAMDE,None,bin,2000,2,80,20,33,-600.000000000,600.000000000,0.765022000
magic,MAB-SHADE,None,bin,2000,5,40,10,33,-600.000000000,600.000000000,0.760855000
magic,MAB-SHADE,None,bin,2000,5,80,20,33,-600.000000000,600.000000000,0.753399000
magic,SAMDE,None,bin,2000,20,40,40,33,-600.000000000,600.000000000,0.745285000
magic,SAMDE,None,bin,2000,20,80,40,33,-600.000000000,600.000000000,0.744627333
magic,SAMDE,None,bin,2000,5,80,20,33,-600.000000000,600.000000000,0.742434000
magic,MAB-SHADE,None,bin,2000,40,80,80,33,-600.000000000,600.000000000,0.740241333
magic,SAMDE,None,bin,2000,5,20,10,33,-600.000000000,600.000000000,0.737500000
magic,SAMDE,None,bin,2000,3,40,10,33,-600.000000000,600.000000000,0.736842333
magic,SAMDE,None,bin,2000,10,40,40,33,-600.000000000,600.000000000,0.734320333
magic,MAB-SHADE,None,bin,2000,4,40,40,33,-600.000000000,600.000000000,0.728289667
magic,SAMDE,None,interm,2000,20,40,40,33,-600.000000000,600.000000000,0.728289333
magic,MAB-SHADE,None,interm,2000,1,20,5,33,-600.000000000,600.000000000,0.727083333
magic,MAB-SHADE,None,bin,2000,1,40,10,33,-600.000000000,600.000000000,0.726644667
magic,SAMDE,None,bin,2000,20,80,80,33,-600.000000000,600.000000000,0.726206000
magic,MAB-SHADE,None,interm,2000,3,20,5,33,-600.000000000,600.000000000,0.726096667
magic,MAB-SHADE,None,interm,2000,10,40,40,33,-600.000000000,600.000000000,0.726096667
magic,SAMDE,None,interm,2000,10,80,20,33,-600.000000000,600.000000000,0.725987000
magic,SAMDE,None,bin,2000,10,80,20,33,-600.000000000,600.000000000,0.725767667
magic,SAMDE,None,bin,2000,40,80,80,33,-600.000000000,600.000000000,0.725767333
magic,MAB-SHADE,None,bin,2000,8,80,80,33,-600.000000000,600.000000000,0.725438667
magic,SAMDE,None,bin,2000,1,20,5,33,-600.000000000,600.000000000,0.725219333
magic,SAMDE,None,interm,2000,10,40,20,33,-600.000000000,600.000000000,0.725219333
magic,MAB-SHADE,None,interm,2000,8,80,80,33,-600.000000000,600.000000000,0.724452000
magic,SAMDE,None,bin,2000,1,40,10,33,-600.000000000,600.000000000,0.724013333
magic,SAMDE,None,interm,2000,20,80,80,33,-600.000000000,600.000000000,0.723684000
magic,MAB-SHADE,None,bin,2000,10,80,20,33,-600.000000000,600.000000000,0.723245667
magic,MAB-SHADE,None,interm,2000,20,80,80,33,-600.000000000,600.000000000,0.723026333
magic,MAB-SHADE,None,interm,2000,40,80,80,33,-600.000000000,600.000000000,0.721929667
magic,SAMDE,None,interm,2000,3,40,10,33,-600.000000000,600.000000000,0.721929667
magic,SAMDE,None,interm,2000,8,80,80,33,-600.000000000,600.000000000,0.721929667
magic,SAMDE,None,bin,2000,4,40,40,33,-600.000000000,600.000000000,0.721820000
magic,SAMDE,None,bin,2000,10,20,20,33,-600.000000000,600.000000000,0.721710333
magic,MAB-SHADE,None,interm,2000,20,40,40,33,-600.000000000,600.000000000,0.721601000
magic,MAB-SHADE,None,interm,2000,10,80,40,33,-600.000000000,600.000000000,0.721491333
magic,SAMDE,None,bin,2000,2,40,20,33,-600.000000000,600.000000000,0.721491333
magic,SAMDE,None,interm,2000,20,80,40,33,-600.000000000,600.000000000,0.721381667
magic,MAB-SHADE,None,interm,2000,4,40,40,33,-600.000000000,600.000000000,0.721381333
magic,MAB-SHADE,None,interm,2000,5,80,20,33,-600.000000000,600.000000000,0.721271667
magic,MAB-SHADE,None,interm,2000,2,80,20,33,-600.000000000,600.000000000,0.721162333
magic,MAB-SHADE,None,bin,2000,10,40,40,33,-600.000000000,600.000000000,0.721052667
magic,MAB-SHADE,None,bin,2000,2,20,5,33,-600.000000000,600.000000000,0.720723667
magic,MAB-SHADE,None,interm,2000,20,80,40,33,-600.000000000,600.000000000,0.720723667
magic,MAB-SHADE,None,interm,2000,5,40,20,33,-600.000000000,600.000000000,0.720614333
magic,MAB-SHADE,None,bin,2000,20,80,80,33,-600.000000000,600.000000000,0.720614333
magic,MAB-SHADE,None,interm,2000,4,80,40,33,-600.000000000,600.000000000,0.720614000
magic,MAB-SHADE,None,bin,2000,2,40,20,33,-600.000000000,600.000000000,0.720504333
magic,SAMDE,None,interm,2000,5,80,20,33,-600.000000000,600.000000000,0.720395000
magic,MAB-SHADE,None,interm,2000,2,40,20,33,-600.000000000,600.000000000,0.720395000
magic,MAB-SHADE,None,interm,2000,5,40,10,33,-600.000000000,600.000000000,0.720175333
magic,MAB-SHADE,None,interm,2000,2,20,20,33,-600.000000000,600.000000000,0.719846667
magic,SAMDE,None,interm,2000,4,40,40,33,-600.000000000,600.000000000,0.719846667
magic,MAB-SHADE,None,bin,2000,3,40,10,33,-600.000000000,600.000000000,0.719627000
magic,MAB-SHADE,None,bin,2000,10,80,40,33,-600.000000000,600.000000000,0.719627000
magic,MAB-SHADE,None,interm,2000,3,20,10,33,-600.000000000,600.000000000,0.719627000
magic,SAMDE,None,bin,2000,8,80,80,33,-600.000000000,600.000000000,0.719517333
magic,MAB-SHADE,None,bin,2000,3,20,5,33,-600.000000000,600.000000000,0.719408000
magic,MAB-SHADE,None,interm,2000,2,20,5,33,-600.000000000,600.000000000,0.719407667
magic,MAB-SHADE,None,bin,2000,4,80,40,33,-600.000000000,600.000000000,0.718969333
magic,SAMDE,None,interm,2000,40,80,80,33,-600.000000000,600.000000000,0.718860000
magic,MAB-SHADE,None,interm,2000,10,80,20,33,-600.000000000,600.000000000,0.718750000
magic,MAB-SHADE,None,interm,2000,10,20,20,33,-600.000000000,600.000000000,0.718311333
magic,SAMDE,None,interm,2000,1,40,10,33,-600.000000000,600.000000000,0.718202000
magic,SAMDE,None,bin,2000,5,40,10,33,-600.000000000,600.000000000,0.718201667
magic,SAMDE,None,bin,2000,10,80,40,33,-600.000000000,600.000000000,0.718201667
magic,SAMDE,None,bin,2000,2,20,20,33,-600.000000000,600.000000000,0.717982333
magic,SAMDE,None,bin,2000,3,20,10,33,-600.000000000,600.000000000,0.717982333
magic,MAB-SHADE,None,bin,2000,1,20,5,33,-600.000000000,600.000000000,0.717873000
magic,MAB-SHADE,None,interm,2000,3,40,10,33,-600.000000000,600.000000000,0.717873000
magic,SAMDE,None,interm,2000,2,80,20,33,-600.000000000,600.000000000,0.717763333
magic,MAB-SHADE,None,interm,2000,1,40,10,33,-600.000000000,600.000000000,0.717544000
magic,SAMDE,None,interm,2000,5,40,20,33,-600.000000000,600.000000000,0.717215000
magic,SAMDE,None,bin,2000,5,20,20,33,-600.000000000,600.000000000,0.717215000
magic,SAMDE,None,bin,2000,5,40,20,33,-600.000000000,600.000000000,0.717214667
magic,MAB-SHADE,None,bin,2000,5,20,20,33,-600.000000000,600.000000000,0.717105333
magic,SAMDE,None,interm,2000,5,20,10,33,-600.000000000,600.000000000,0.717105333
magic,SAMDE,None,interm,2000,5,20,20,33,-600.000000000,600.000000000,0.717105333
magic,MAB-SHADE,None,interm,2000,1,20,10,33,-600.000000000,600.000000000,0.716995667
magic,MAB-SHADE,None,bin,2000,1,20,10,33,-600.000000000,600.000000000,0.716995667
magic,MAB-SHADE,None,bin,2000,5,20,10,33,-600.000000000,600.000000000,0.716995667
magic,SAMDE,None,bin,2000,1,20,10,33,-600.000000000,600.000000000,0.716885667
magic,MAB-SHADE,None,bin,2000,5,40,20,33,-600.000000000,600.000000000,0.716776333
magic,MAB-SHADE,None,bin,2000,20,80,40,33,-600.000000000,600.000000000,0.716776000
magic,SAMDE,None,bin,2000,10,40,20,33,-600.000000000,600.000000000,0.715789333
magic,MAB-SHADE,None,interm,2000,5,20,10,33,-600.000000000,600.000000000,0.715570000
magic,MAB-SHADE,None,bin,2000,2,20,20,33,-600.000000000,600.000000000,0.715350667
magic,SAMDE,None,interm,2000,2,20,20,33,-600.000000000,600.000000000,0.715241000
magic,MAB-SHADE,None,bin,2000,20,40,40,33,-600.000000000,600.000000000,0.715131667
magic,SAMDE,None,interm,2000,5,40,10,33,-600.000000000,600.000000000,0.715022000
magic,SAMDE,None,interm,2000,4,80,40,33,-600.000000000,600.000000000,0.714802667
magic,MAB-SHADE,None,bin,2000,3,20,10,33,-600.000000000,600.000000000,0.714254667
magic,MAB-SHADE,None,interm,2000,10,40,20,33,-600.000000000,600.000000000,0.714254333
magic,MAB-SHADE,None,bin,2000,10,20,20,33,-600.000000000,600.000000000,0.714145000
magic,MAB-SHADE,None,bin,2000,2,80,20,33,-600.000000000,600.000000000,0.713816000
magic,SAMDE,None,interm,2000,2,40,20,33,-600.000000000,600.000000000,0.713157667
magic,MAB-SHADE,None,bin,2000,10,40,20,33,-600.000000000,600.000000000,0.712390333
magic,SAMDE,None,interm,2000,1,20,10,33,-600.000000000,600.000000000,0.712280667
magic,SAMDE,None,interm,2000,10,40,40,33,-600.000000000,600.000000000,0.712171000
magic,SAMDE,None,interm,2000,1,20,5,33,-600.000000000,600.000000000,0.711952000
magic,MAB-SHADE,None,interm,2000,5,20,20,33,-600.000000000,600.000000000,0.710965000
magic,SAMDE,None,interm,2000,10,20,20,33,-600.000000000,600.000000000,0.710855333
magic,SAMDE,None,interm,2000,3,20,10,33,-600.000000000,600.000000000,0.710635667
magic,SAMDE,None,interm,2000,3,20,5,33,-600.000000000,600.000000000,0.708443000
magic,SAMDE,None,bin,2000,2,20,5,33,-600.000000000,600.000000000,0.708333667
magic,SAMDE,None,bin,2000,3,20,5,33,-600.000000000,600.000000000,0.707237000
magic,SAMDE,None,interm,2000,10,80,40,33,-600.000000000,600.000000000,0.703179667
magic,SAMDE,None,interm,2000,2,20,5,33,-600.000000000,600.000000000,0.695066000
gass_normalized,MAB-SHADE,None,bin,2000,2,80,20,384,-1.000000000,1.000000000,0.859444333
gass_normalized,MAB-SHADE,None,bin,2000,1,40,10,384,-1.000000000,1.000000000,0.852777667
gass_normalized,MAB-SHADE,None,bin,2000,4,80,40,384,-1.000000000,1.000000000,0.851481667
gass_normalized,MAB-SHADE,None,bin,2000,2,40,20,384,-1.000000000,1.000000000,0.847777667
gass_normalized,MAB-SHADE,None,bin,2000,5,80,20,384,-1.000000000,1.000000000,0.845925667
gass_normalized,MAB-SHADE,None,bin,2000,10,80,20,384,-1.000000000,1.000000000,0.845185333
gass_normalized,MAB-SHADE,None,bin,2000,8,80,80,384,-1.000000000,1.000000000,0.843518667
gass_normalized,MAB-SHADE,None,bin,2000,20,80,40,384,-1.000000000,1.000000000,0.842407333
gass_normalized,MAB-SHADE,None,bin,2000,5,40,20,384,-1.000000000,1.000000000,0.840555667
gass_normalized,SAMDE,None,bin,2000,10,80,20,384,-1.000000000,1.000000000,0.839074000
gass_normalized,MAB-SHADE,None,bin,2000,5,40,10,384,-1.000000000,1.000000000,0.838333000
gass_normalized,MAB-SHADE,None,interm,2000,40,80,80,384,-1.000000000,1.000000000,0.837963000
gass_normalized,MAB-SHADE,None,bin,2000,3,40,10,384,-1.000000000,1.000000000,0.836666667
gass_normalized,MAB-SHADE,None,bin,2000,4,40,40,384,-1.000000000,1.000000000,0.835740667
gass_normalized,MAB-SHADE,None,bin,2000,10,40,20,384,-1.000000000,1.000000000,0.830370333
gass_normalized,MAB-SHADE,None,bin,2000,10,80,40,384,-1.000000000,1.000000000,0.830185000
gass_normalized,MAB-SHADE,None,bin,2000,20,80,80,384,-1.000000000,1.000000000,0.829074000
gass_normalized,MAB-SHADE,None,bin,2000,1,20,5,384,-1.000000000,1.000000000,0.828703667
gass_normalized,MAB-SHADE,None,bin,2000,2,20,20,384,-1.000000000,1.000000000,0.827407333
gass_normalized,MAB-SHADE,None,interm,2000,20,80,80,384,-1.000000000,1.000000000,0.819815000
gass_normalized,SAMDE,None,bin,2000,20,80,80,384,-1.000000000,1.000000000,0.817963000
gass_normalized,MAB-SHADE,None,bin,2000,3,20,5,384,-1.000000000,1.000000000,0.816666667
gass_normalized,SAMDE,None,bin,2000,20,80,40,384,-1.000000000,1.000000000,0.815740667
gass_normalized,SAMDE,None,bin,2000,40,80,80,384,-1.000000000,1.000000000,0.815000000
gass_normalized,SAMDE,None,bin,2000,10,80,40,384,-1.000000000,1.000000000,0.814629667
gass_normalized,MAB-SHADE,None,bin,2000,1,20,10,384,-1.000000000,1.000000000,0.812778000
gass_normalized,SAMDE,None,bin,2000,5,80,20,384,-1.000000000,1.000000000,0.811111000
gass_normalized,MAB-SHADE,None,bin,2000,3,20,10,384,-1.000000000,1.000000000,0.810741000
gass_normalized,MAB-SHADE,None,bin,2000,10,40,40,384,-1.000000000,1.000000000,0.810000000
gass_normalized,MAB-SHADE,None,bin,2000,5,20,10,384,-1.000000000,1.000000000,0.805370333
gass_normalized,SAMDE,None,bin,2000,5,40,10,384,-1.000000000,1.000000000,0.804444333
gass_normalized,MAB-SHADE,None,bin,2000,20,40,40,384,-1.000000000,1.000000000,0.804074000
gass_normalized,SAMDE,None,bin,2000,4,80,40,384,-1.000000000,1.000000000,0.801296333
gass_normalized,MAB-SHADE,None,interm,2000,20,80,40,384,-1.000000000,1.000000000,0.800740667
gass_normalized,MAB-SHADE,None,bin,2000,40,80,80,384,-1.000000000,1.000000000,0.799814667
gass_normalized,SAMDE,None,bin,2000,10,40,20,384,-1.000000000,1.000000000,0.799444333
gass_normalized,MAB-SHADE,None,bin,2000,5,20,20,384,-1.000000000,1.000000000,0.795555667
gass_normalized,SAMDE,None,bin,2000,8,80,80,384,-1.000000000,1.000000000,0.794074000
gass_normalized,SAMDE,None,bin,2000,20,40,40,384,-1.000000000,1.000000000,0.788333333
gass_normalized,MAB-SHADE,None,interm,2000,20,40,40,384,-1.000000000,1.000000000,0.787963000
gass_normalized,MAB-SHADE,None,bin,2000,2,20,5,384,-1.000000000,1.000000000,0.781852000
gass_normalized,SAMDE,None,bin,2000,10,40,40,384,-1.000000000,1.000000000,0.779815000
gass_normalized,SAMDE,None,bin,2000,2,80,20,384,-1.000000000,1.000000000,0.779259333
gass_normalized,SAMDE,None,bin,2000,5,40,20,384,-1.000000000,1.000000000,0.774999667
gass_normalized,MAB-SHADE,None,bin,2000,10,20,20,384,-1.000000000,1.000000000,0.770925667
gass_normalized,SAMDE,None,bin,2000,10,20,20,384,-1.000000000,1.000000000,0.766481667
gass_normalized,SAMDE,None,bin,2000,3,40,10,384,-1.000000000,1.000000000,0.766481333
gass_normalized,MAB-SHADE,None,interm,2000,10,80,40,384,-1.000000000,1.000000000,0.763889000
gass_normalized,SAMDE,None,bin,2000,2,40,20,384,-1.000000000,1.000000000,0.763518667
gass_normalized,MAB-SHADE,None,interm,2000,10,40,40,384,-1.000000000,1.000000000,0.752407333
gass_normalized,SAMDE,None,bin,2000,4,40,40,384,-1.000000000,1.000000000,0.750926000
gass_normalized,MAB-SHADE,None,interm,2000,8,80,80,384,-1.000000000,1.000000000,0.745925667
gass_normalized,SAMDE,None,bin,2000,5,20,10,384,-1.000000000,1.000000000,0.745555667
gass_normalized,SAMDE,None,bin,2000,1,40,10,384,-1.000000000,1.000000000,0.744815000
gass_normalized,MAB-SHADE,None,interm,2000,10,40,20,384,-1.000000000,1.000000000,0.741666667
gass_normalized,MAB-SHADE,None,interm,2000,10,20,20,384,-1.000000000,1.000000000,0.737592667
gass_normalized,MAB-SHADE,None,interm,2000,10,80,20,384,-1.000000000,1.000000000,0.735555667
gass_normalized,SAMDE,None,bin,2000,3,20,5,384,-1.000000000,1.000000000,0.731481333
gass_normalized,SAMDE,None,bin,2000,2,20,20,384,-1.000000000,1.000000000,0.725370667
gass_normalized,SAMDE,None,bin,2000,5,20,20,384,-1.000000000,1.000000000,0.725000000
gass_normalized,SAMDE,None,bin,2000,3,20,10,384,-1.000000000,1.000000000,0.716852000
gass_normalized,SAMDE,None,bin,2000,1,20,10,384,-1.000000000,1.000000000,0.711666667
gass_normalized,SAMDE,None,bin,2000,2,20,5,384,-1.000000000,1.000000000,0.701666667
gass_normalized,SAMDE,None,bin,2000,1,20,5,384,-1.000000000,1.000000000,0.687037000
gass_normalized,MAB-SHADE,None,interm,2000,5,40,10,384,-1.000000000,1.000000000,0.680370333
gass_normalized,MAB-SHADE,None,interm,2000,5,80,20,384,-1.000000000,1.000000000,0.662037000
gass_normalized,MAB-SHADE,None,interm,2000,5,40,20,384,-1.000000000,1.000000000,0.637037000
gass_normalized,MAB-SHADE,None,interm,2000,4,80,40,384,-1.000000000,1.000000000,0.620000000
gass_normalized,MAB-SHADE,None,interm,2000,5,20,10,384,-1.000000000,1.000000000,0.606852000
gass_normalized,MAB-SHADE,None,interm,2000,4,40,40,384,-1.000000000,1.000000000,0.600740667
gass_normalized,MAB-SHADE,None,interm,2000,2,80,20,384,-1.000000000,1.000000000,0.587222333
gass_normalized,SAMDE,None,interm,2000,2,80,20,384,-1.000000000,1.000000000,0.582222333
gass_normalized,SAMDE,None,interm,2000,8,80,80,384,-1.000000000,1.000000000,0.566111000
gass_normalized,MAB-SHADE,None,interm,2000,3,20,10,384,-1.000000000,1.000000000,0.556667000
gass_normalized,MAB-SHADE,None,interm,2000,3,40,10,384,-1.000000000,1.000000000,0.552777667
gass_normalized,MAB-SHADE,None,interm,2000,3,20,5,384,-1.000000000,1.000000000,0.542222333
gass_normalized,SAMDE,None,interm,2000,2,20,20,384,-1.000000000,1.000000000,0.536296333
gass_normalized,MAB-SHADE,None,interm,2000,2,40,20,384,-1.000000000,1.000000000,0.534074000
gass_normalized,SAMDE,None,interm,2000,5,40,10,384,-1.000000000,1.000000000,0.533703667
gass_normalized,SAMDE,None,interm,2000,2,40,20,384,-1.000000000,1.000000000,0.527592667
gass_normalized,MAB-SHADE,None,interm,2000,5,20,20,384,-1.000000000,1.000000000,0.526296333
gass_normalized,MAB-SHADE,None,interm,2000,2,20,20,384,-1.000000000,1.000000000,0.524444333
gass_normalized,SAMDE,None,interm,2000,1,40,10,384,-1.000000000,1.000000000,0.524444333
gass_normalized,MAB-SHADE,None,interm,2000,1,40,10,384,-1.000000000,1.000000000,0.514074333
gass_normalized,SAMDE,None,interm,2000,20,80,80,384,-1.000000000,1.000000000,0.513333333
gass_normalized,SAMDE,None,interm,2000,1,20,10,384,-1.000000000,1.000000000,0.510370333
gass_normalized,SAMDE,None,interm,2000,20,80,40,384,-1.000000000,1.000000000,0.509444333
gass_normalized,MAB-SHADE,None,interm,2000,2,20,5,384,-1.000000000,1.000000000,0.509444333
gass_normalized,SAMDE,None,interm,2000,2,20,5,384,-1.000000000,1.000000000,0.509444333
gass_normalized,SAMDE,None,interm,2000,5,40,20,384,-1.000000000,1.000000000,0.507592667
gass_normalized,SAMDE,None,interm,2000,10,40,20,384,-1.000000000,1.000000000,0.506851667
gass_normalized,SAMDE,None,interm,2000,4,80,40,384,-1.000000000,1.000000000,0.505740667
gass_normalized,SAMDE,None,interm,2000,5,80,20,384,-1.000000000,1.000000000,0.502037000
gass_normalized,SAMDE,None,interm,2000,5,20,10,384,-1.000000000,1.000000000,0.498889000
gass_normalized,SAMDE,None,interm,2000,4,40,40,384,-1.000000000,1.000000000,0.497963333
gass_normalized,SAMDE,None,interm,2000,1,20,5,384,-1.000000000,1.000000000,0.495555333
gass_normalized,SAMDE,None,interm,2000,20,40,40,384,-1.000000000,1.000000000,0.488888667
gass_normalized,SAMDE,None,interm,2000,10,40,40,384,-1.000000000,1.000000000,0.487036667
gass_normalized,SAMDE,None,interm,2000,3,20,5,384,-1.000000000,1.000000000,0.486666667
gass_normalized,SAMDE,None,interm,2000,10,80,40,384,-1.000000000,1.000000000,0.481296333
gass_normalized,SAMDE,None,interm,2000,3,20,10,384,-1.000000000,1.000000000,0.479814667
gass_normalized,SAMDE,None,interm,2000,3,40,10,384,-1.000000000,1.000000000,0.478518667
gass_normalized,SAMDE,None,interm,2000,5,20,20,384,-1.000000000,1.000000000,0.469999667
gass_normalized,SAMDE,None,interm,2000,10,80,20,384,-1.000000000,1.000000000,0.467778000
gass_normalized,SAMDE,None,interm,2000,40,80,80,384,-1.000000000,1.000000000,0.465926000
gass_normalized,MAB-SHADE,None,interm,2000,1,20,10,384,-1.000000000,1.000000000,0.450370333
gass_normalized,MAB-SHADE,None,interm,2000,1,20,5,384,-1.000000000,1.000000000,0.442777667
gass_normalized,SAMDE,None,interm,2000,10,20,20,384,-1.000000000,1.000000000,0.440740667
gass,MAB-SHADE,None,bin,2000,2,40,20,384,-70000.000000000,70000.000000000,0.961111333
gass,MAB-SHADE,None,bin,2000,8,80,80,384,-70000.000000000,70000.000000000,0.961111000
gass,MAB-SHADE,None,bin,2000,1,40,10,384,-70000.000000000,70000.000000000,0.959074333
gass,MAB-SHADE,None,bin,2000,4,80,40,384,-70000.000000000,70000.000000000,0.958889000
gass,MAB-SHADE,None,bin,2000,10,80,40,384,-70000.000000000,70000.000000000,0.958333333
gass,MAB-SHADE,None,bin,2000,1,20,10,384,-70000.000000000,70000.000000000,0.958148000
gass,MAB-SHADE,None,bin,2000,1,20,5,384,-70000.000000000,70000.000000000,0.957778000
gass,MAB-SHADE,None,bin,2000,2,80,20,384,-70000.000000000,70000.000000000,0.957407000
gass,MAB-SHADE,None,bin,2000,10,80,20,384,-70000.000000000,70000.000000000,0.956481333
gass,MAB-SHADE,None,bin,2000,20,80,80,384,-70000.000000000,70000.000000000,0.955370333
gass,MAB-SHADE,None,bin,2000,5,40,20,384,-70000.000000000,70000.000000000,0.954999667
gass,MAB-SHADE,None,bin,2000,20,40,40,384,-70000.000000000,70000.000000000,0.952963000
gass,MAB-SHADE,None,bin,2000,10,40,20,384,-70000.000000000,70000.000000000,0.952778000
gass,MAB-SHADE,None,bin,2000,20,80,40,384,-70000.000000000,70000.000000000,0.952037000
gass,MAB-SHADE,None,bin,2000,3,20,10,384,-70000.000000000,70000.000000000,0.951851667
gass,MAB-SHADE,None,bin,2000,2,20,20,384,-70000.000000000,70000.000000000,0.951111333
gass,MAB-SHADE,None,bin,2000,5,80,20,384,-70000.000000000,70000.000000000,0.950370333
gass,MAB-SHADE,None,bin,2000,2,20,5,384,-70000.000000000,70000.000000000,0.949814667
gass,MAB-SHADE,None,bin,2000,3,40,10,384,-70000.000000000,70000.000000000,0.949259333
gass,MAB-SHADE,None,bin,2000,4,40,40,384,-70000.000000000,70000.000000000,0.948333333
gass,MAB-SHADE,None,bin,2000,10,40,40,384,-70000.000000000,70000.000000000,0.947963333
gass,MAB-SHADE,None,bin,2000,5,40,10,384,-70000.000000000,70000.000000000,0.947222000
gass,MAB-SHADE,None,bin,2000,5,20,20,384,-70000.000000000,70000.000000000,0.945555333
gass,MAB-SHADE,None,bin,2000,40,80,80,384,-70000.000000000,70000.000000000,0.944444667
gass,SAMDE,None,bin,2000,10,80,40,384,-70000.000000000,70000.000000000,0.944074000
gass,SAMDE,None,bin,2000,8,80,80,384,-70000.000000000,70000.000000000,0.942963000
gass,MAB-SHADE,None,bin,2000,10,20,20,384,-70000.000000000,70000.000000000,0.942407333
gass,SAMDE,None,bin,2000,5,80,20,384,-70000.000000000,70000.000000000,0.942222000
gass,SAMDE,None,bin,2000,10,80,20,384,-70000.000000000,70000.000000000,0.941666667
gass,SAMDE,None,bin,2000,2,80,20,384,-70000.000000000,70000.000000000,0.940000000
gass,MAB-SHADE,None,bin,2000,3,20,5,384,-70000.000000000,70000.000000000,0.936296667
gass,SAMDE,None,bin,2000,20,40,40,384,-70000.000000000,70000.000000000,0.935926000
gass,SAMDE,None,bin,2000,4,80,40,384,-70000.000000000,70000.000000000,0.933333333
gass,MAB-SHADE,None,interm,2000,20,80,40,384,-70000.000000000,70000.000000000,0.931666667
gass,SAMDE,None,bin,2000,3,40,10,384,-70000.000000000,70000.000000000,0.931481667
gass,MAB-SHADE,None,bin,2000,5,20,10,384,-70000.000000000,70000.000000000,0.930741000
gass,SAMDE,None,bin,2000,10,40,20,384,-70000.000000000,70000.000000000,0.929074000
gass,SAMDE,None,bin,2000,5,40,20,384,-70000.000000000,70000.000000000,0.928518333
gass,MAB-SHADE,None,interm,2000,3,20,10,384,-70000.000000000,70000.000000000,0.920000000
gass,SAMDE,None,bin,2000,10,20,20,384,-70000.000000000,70000.000000000,0.918333333
gass,SAMDE,None,bin,2000,4,40,40,384,-70000.000000000,70000.000000000,0.917777667
gass,SAMDE,None,bin,2000,40,80,80,384,-70000.000000000,70000.000000000,0.914074000
gass,MAB-SHADE,None,interm,2000,40,80,80,384,-70000.000000000,70000.000000000,0.909814667
gass,SAMDE,None,bin,2000,1,40,10,384,-70000.000000000,70000.000000000,0.907407333
gass,SAMDE,None,bin,2000,5,40,10,384,-70000.000000000,70000.000000000,0.906296000
gass,SAMDE,None,bin,2000,2,40,20,384,-70000.000000000,70000.000000000,0.905555667
gass,SAMDE,None,bin,2000,20,80,80,384,-70000.000000000,70000.000000000,0.904814667
gass,MAB-SHADE,None,interm,2000,4,80,40,384,-70000.000000000,70000.000000000,0.903148000
gass,SAMDE,None,bin,2000,20,80,40,384,-70000.000000000,70000.000000000,0.901852000
gass,MAB-SHADE,None,interm,2000,5,20,10,384,-70000.000000000,70000.000000000,0.899074000
gass,SAMDE,None,bin,2000,5,20,10,384,-70000.000000000,70000.000000000,0.893888667
gass,SAMDE,None,bin,2000,10,40,40,384,-70000.000000000,70000.000000000,0.890370333
gass,SAMDE,None,bin,2000,3,20,10,384,-70000.000000000,70000.000000000,0.885370333
gass,MAB-SHADE,None,interm,2000,10,80,20,384,-70000.000000000,70000.000000000,0.884814667
gass,SAMDE,None,bin,2000,5,20,20,384,-70000.000000000,70000.000000000,0.884259333
gass,MAB-SHADE,None,interm,2000,20,40,40,384,-70000.000000000,70000.000000000,0.883518333
gass,SAMDE,None,bin,2000,3,20,5,384,-70000.000000000,70000.000000000,0.883148000
gass,SAMDE,None,bin,2000,2,20,5,384,-70000.000000000,70000.000000000,0.882777667
gass,MAB-SHADE,None,interm,2000,10,40,40,384,-70000.000000000,70000.000000000,0.881481333
gass,MAB-SHADE,None,interm,2000,8,80,80,384,-70000.000000000,70000.000000000,0.879259667
gass,MAB-SHADE,None,interm,2000,1,20,5,384,-70000.000000000,70000.000000000,0.875926000
gass,MAB-SHADE,None,interm,2000,10,20,20,384,-70000.000000000,70000.000000000,0.873889000
gass,SAMDE,None,bin,2000,2,20,20,384,-70000.000000000,70000.000000000,0.871666667
gass,MAB-SHADE,None,interm,2000,2,20,20,384,-70000.000000000,70000.000000000,0.870740667
gass,MAB-SHADE,None,interm,2000,2,20,5,384,-70000.000000000,70000.000000000,0.868888667
gass,SAMDE,None,bin,2000,1,20,5,384,-70000.000000000,70000.000000000,0.868148000
gass,SAMDE,None,bin,2000,1,20,10,384,-70000.000000000,70000.000000000,0.867963000
gass,MAB-SHADE,None,interm,2000,3,20,5,384,-70000.000000000,70000.000000000,0.867407333
gass,MAB-SHADE,None,interm,2000,2,40,20,384,-70000.000000000,70000.000000000,0.862592333
gass,MAB-SHADE,None,interm,2000,20,80,80,384,-70000.000000000,70000.000000000,0.855370000
gass,MAB-SHADE,None,interm,2000,10,40,20,384,-70000.000000000,70000.000000000,0.853889000
gass,MAB-SHADE,None,interm,2000,5,20,20,384,-70000.000000000,70000.000000000,0.851111000
gass,SAMDE,None,interm,2000,1,40,10,384,-70000.000000000,70000.000000000,0.845000000
gass,MAB-SHADE,None,interm,2000,5,80,20,384,-70000.000000000,70000.000000000,0.843889000
gass,MAB-SHADE,None,interm,2000,5,40,20,384,-70000.000000000,70000.000000000,0.837778000
gass,MAB-SHADE,None,interm,2000,2,80,20,384,-70000.000000000,70000.000000000,0.836111333
gass,MAB-SHADE,None,interm,2000,3,40,10,384,-70000.000000000,70000.000000000,0.833333333
gass,MAB-SHADE,None,interm,2000,4,40,40,384,-70000.000000000,70000.000000000,0.830000000
gass,MAB-SHADE,None,interm,2000,10,80,40,384,-70000.000000000,70000.000000000,0.824444667
gass,SAMDE,None,interm,2000,4,80,40,384,-70000.000000000,70000.000000000,0.813888667
gass,MAB-SHADE,None,interm,2000,5,40,10,384,-70000.000000000,70000.000000000,0.799259333
gass,SAMDE,None,interm,2000,2,40,20,384,-70000.000000000,70000.000000000,0.797963000
gass,SAMDE,None,interm,2000,10,40,20,384,-70000.000000000,70000.000000000,0.794074000
gass,MAB-SHADE,None,interm,2000,1,40,10,384,-70000.000000000,70000.000000000,0.788703667
gass,SAMDE,None,interm,2000,5,20,10,384,-70000.000000000,70000.000000000,0.784815000
gass,MAB-SHADE,None,interm,2000,1,20,10,384,-70000.000000000,70000.000000000,0.777962667
gass,SAMDE,None,interm,2000,10,40,40,384,-70000.000000000,70000.000000000,0.776481667
gass,SAMDE,None,interm,2000,10,80,20,384,-70000.000000000,70000.000000000,0.773518333
gass,SAMDE,None,interm,2000,5,80,20,384,-70000.000000000,70000.000000000,0.772777667
gass,SAMDE,None,interm,2000,10,80,40,384,-70000.000000000,70000.000000000,0.768333333
gass,SAMDE,None,interm,2000,20,80,80,384,-70000.000000000,70000.000000000,0.766111333
gass,SAMDE,None,interm,2000,5,20,20,384,-70000.000000000,70000.000000000,0.765926000
gass,SAMDE,None,interm,2000,2,80,20,384,-70000.000000000,70000.000000000,0.765555333
gass,SAMDE,None,interm,2000,20,80,40,384,-70000.000000000,70000.000000000,0.765555333
gass,SAMDE,None,interm,2000,40,80,80,384,-70000.000000000,70000.000000000,0.761296333
gass,SAMDE,None,interm,2000,20,40,40,384,-70000.000000000,70000.000000000,0.760555667
gass,SAMDE,None,interm,2000,3,40,10,384,-70000.000000000,70000.000000000,0.755555333
gass,SAMDE,None,interm,2000,4,40,40,384,-70000.000000000,70000.000000000,0.755185000
gass,SAMDE,None,interm,2000,8,80,80,384,-70000.000000000,70000.000000000,0.753518333
gass,SAMDE,None,interm,2000,5,40,20,384,-70000.000000000,70000.000000000,0.751852000
gass,SAMDE,None,interm,2000,10,20,20,384,-70000.000000000,70000.000000000,0.749444333
gass,SAMDE,None,interm,2000,5,40,10,384,-70000.000000000,70000.000000000,0.743518667
gass,SAMDE,None,interm,2000,1,20,10,384,-70000.000000000,70000.000000000,0.740370667
gass,SAMDE,None,interm,2000,1,20,5,384,-70000.000000000,70000.000000000,0.738518667
gass,SAMDE,None,interm,2000,2,20,5,384,-70000.000000000,70000.000000000,0.736852000
gass,SAMDE,None,interm,2000,3,20,5,384,-70000.000000000,70000.000000000,0.723518667
gass,SAMDE,None,interm,2000,3,20,10,384,-70000.000000000,70000.000000000,0.722222000
gass,SAMDE,None,interm,2000,2,20,20,384,-70000.000000000,70000.000000000,0.711852000